profile_id,email,first_name,last_name,timezone,email_consent,email_consent_date,sms_consent,sms_consent_date,is_subscriber,first_order_date,last_onetime_order_date,last_subscription_order_date,orders_count,ltv_usd,engagement_tier,suppressed
AB-10000,noemi.ali0@example.com,Noemi,Ali,America/New_York,true,2025-03-20,false,,false,2025-03-27,2026-06-20,,1,79.26,unengaged_12m,false
AB-10001,noemi.rivera1@example.com,Noemi,Rivera,America/Los_Angeles,true,2025-10-27,false,,false,2025-11-13,2026-01-04,,1,52.97,engaged_365,false
AB-10002,maya.haddad2@example.com,Maya,Haddad,America/New_York,true,2025-10-06,false,,false,2025-10-15,2025-01-18,,5,326.15,unengaged_12m,false
AB-10003,priya.novak3@example.com,Priya,Novak,America/New_York,true,2026-05-05,true,2026-05-15,false,2026-05-15,2025-09-23,,1,47.61,engaged_365,false
AB-10004,june.diaz4@example.com,June,Diaz,America/Chicago,true,2026-01-16,false,,false,2026-02-02,2026-06-02,,1,26.9,engaged_30,false
AB-10005,nora.weber5@example.com,Nora,Weber,America/New_York,true,2025-10-27,false,,false,2025-11-03,2026-05-19,,1,60.27,engaged_30,false
AB-10006,june.braun6@example.com,June,Braun,America/Chicago,true,2025-12-16,false,,false,2025-12-16,2025-10-07,,2,112.9,engaged_30,false
AB-10007,wren.okafor7@example.com,Wren,Okafor,America/New_York,true,2024-11-05,false,,false,2024-12-14,2026-01-04,,12,900.11,engaged_30,false
AB-10008,olivia.rossi8@example.com,Olivia,Rossi,America/Los_Angeles,true,2025-05-26,true,2025-06-30,false,2025-06-30,2025-02-15,,1,41.15,engaged_90,false
AB-10009,noemi.patel9@example.com,Noemi,Patel,America/Los_Angeles,true,2026-01-25,false,,true,2026-02-26,2025-08-08,2026-07-22,6,423.2,unengaged_12m,true
AB-10010,jade.kim10@example.com,Jade,Kim,America/Denver,true,2025-02-05,false,,false,2025-02-11,2025-06-03,,1,90.84,engaged_30,false
AB-10011,maya.rivera11@example.com,Maya,Rivera,America/New_York,true,2025-10-05,false,,false,2025-10-18,2025-05-30,,1,42.49,engaged_90,false
AB-10012,emma.okafor12@example.com,Emma,Okafor,America/Los_Angeles,true,2026-01-08,true,2026-02-11,false,2026-02-11,2026-04-02,,1,74.06,engaged_30,false
AB-10013,iris.chen13@example.com,Iris,Chen,America/Los_Angeles,true,2025-10-09,false,,false,2025-10-31,2025-01-14,,2,82.98,engaged_90,false
AB-10014,cora.vega14@example.com,Cora,Vega,America/Los_Angeles,true,2025-10-09,false,,false,2025-11-13,2025-09-04,,4,377.91,unengaged_12m,true
AB-10015,cora.lopez15@example.com,Cora,Lopez,America/New_York,true,2026-03-05,false,,false,2026-03-25,2025-04-16,,1,57.11,engaged_30,false
AB-10016,dana.rossi16@example.com,Dana,Rossi,America/New_York,true,2025-11-05,false,,false,2025-11-22,2026-05-31,,1,52.28,engaged_30,false
AB-10017,lena.rossi17@example.com,Lena,Rossi,America/Chicago,true,2025-01-01,false,,false,2025-01-10,2025-11-16,,1,46.67,engaged_30,false
AB-10018,lena.chen18@example.com,Lena,Chen,America/New_York,true,2025-06-27,false,,false,2025-08-26,2026-06-26,,1,70.88,unengaged_12m,true
AB-10019,ava.fischer19@example.com,Ava,Fischer,America/Los_Angeles,true,2024-07-12,false,,false,2024-08-26,2025-09-06,,1,61.12,engaged_90,false
AB-10020,mara.silva20@example.com,Mara,Silva,America/Denver,true,2025-07-11,false,,false,2025-08-31,2026-01-26,,2,98.37,engaged_365,false
AB-10021,tessa.haddad21@example.com,Tessa,Haddad,America/Chicago,true,2024-12-11,false,,false,2024-12-29,2026-01-07,,3,260.09,engaged_90,false
AB-10022,june.vega22@example.com,June,Vega,America/Denver,true,2025-03-12,false,,false,2025-04-17,2026-05-16,,2,60.19,unengaged_12m,false
AB-10023,mara.vega23@example.com,Mara,Vega,America/New_York,true,2025-10-31,false,,false,2025-11-15,2026-01-19,,2,119.51,engaged_30,false
AB-10024,maya.lopez24@example.com,Maya,Lopez,America/Phoenix,true,2026-04-20,false,,false,2026-04-30,2025-06-27,,1,79.79,unengaged_12m,false
AB-10025,kate.rivera25@example.com,Kate,Rivera,America/Los_Angeles,true,2026-03-22,false,,false,2026-03-26,2025-02-26,,3,139.62,engaged_30,false
AB-10026,noemi.lopez26@example.com,Noemi,Lopez,America/Los_Angeles,true,2026-02-08,false,,false,2026-02-27,2025-05-14,,3,106.58,engaged_365,false
AB-10027,gia.fischer27@example.com,Gia,Fischer,America/New_York,true,2025-03-05,false,,false,2025-04-13,2025-11-18,,5,125,unengaged_12m,false
AB-10028,kate.moreau28@example.com,Kate,Moreau,America/Los_Angeles,true,2024-08-14,false,,false,2024-10-10,2025-09-01,,1,35.54,engaged_30,false
AB-10029,noemi.okafor29@example.com,Noemi,Okafor,America/New_York,true,2026-01-17,false,,false,2026-02-07,2025-06-19,,2,145.0,engaged_30,false
AB-10030,dana.sato30@example.com,Dana,Sato,America/New_York,true,2025-05-07,false,,false,2025-06-10,2025-07-17,,5,190.13,unengaged_12m,false
AB-10031,iris.patel31@example.com,Iris,Patel,America/Los_Angeles,true,2025-04-12,false,,false,2025-05-10,2025-12-28,,1,48.01,unengaged_12m,false
AB-10032,lena.sato32@example.com,Lena,Sato,America/Chicago,true,2024-08-25,false,,false,2024-08-28,2026-04-02,,2,106.17,engaged_365,false
AB-10033,noemi.rivera33@example.com,Noemi,Rivera,America/Los_Angeles,true,2024-08-26,false,,false,2024-09-03,2025-04-25,,1,68.12,unengaged_12m,true
AB-10034,lena.weber34@example.com,Lena,Weber,America/New_York,true,2025-08-01,false,,false,2025-08-02,2026-05-19,,3,120.6,unengaged_12m,false
AB-10035,gia.osei35@example.com,Gia,Osei,America/New_York,true,2025-10-27,false,,false,2025-11-26,2026-07-10,,2,165.39,unengaged_12m,false
AB-10036,chloe.rivera36@example.com,Chloe,Rivera,America/Chicago,true,2025-01-18,false,,false,2025-03-16,2026-02-20,,2,100.77,unengaged_12m,false
AB-10037,gia.silva37@example.com,Gia,Silva,America/Los_Angeles,true,2025-07-17,false,,false,2025-08-29,2025-09-25,,1,57.06,engaged_30,false
AB-10038,tessa.weber38@example.com,Tessa,Weber,America/Los_Angeles,true,2024-11-11,false,,false,2024-11-14,2026-04-09,,2,112.37,unengaged_12m,false
AB-10039,june.chen39@example.com,June,Chen,America/New_York,true,2025-06-23,false,,false,2025-06-29,2025-06-06,,1,56.02,unengaged_12m,true
AB-10040,emma.sato40@example.com,Emma,Sato,America/Los_Angeles,true,2025-03-06,false,,false,2025-03-30,2025-02-05,,2,70.18,unengaged_12m,false
AB-10041,dana.sato41@example.com,Dana,Sato,America/Los_Angeles,true,2025-08-14,false,,false,2025-08-17,2025-05-06,,4,294.19,unengaged_12m,true
AB-10042,dana.braun42@example.com,Dana,Braun,America/Chicago,true,2026-06-09,false,,false,2026-06-14,2025-11-19,,1,52.55,engaged_90,false
AB-10043,sasha.moreau43@example.com,Sasha,Moreau,America/Chicago,true,2025-12-03,false,,false,2025-12-30,2025-12-07,,1,80.54,unengaged_12m,false
AB-10044,kate.diaz44@example.com,Kate,Diaz,America/New_York,true,2025-08-21,false,,true,2025-09-15,2025-11-08,2026-07-18,8,430.26,engaged_365,false
AB-10045,noemi.nguyen45@example.com,Noemi,Nguyen,America/New_York,true,2025-08-23,false,,false,2025-09-03,2026-01-25,,1,84.29,engaged_30,false
AB-10046,gia.osei46@example.com,Gia,Osei,America/Los_Angeles,true,2025-11-14,false,,false,2025-12-29,2025-10-25,,1,33.24,unengaged_12m,false
AB-10047,chloe.patel47@example.com,Chloe,Patel,America/New_York,true,2026-05-22,false,,false,2026-06-29,2026-06-25,,2,129.73,engaged_30,false
AB-10048,noemi.patel48@example.com,Noemi,Patel,America/Denver,true,2024-12-31,false,,false,2025-02-26,2025-08-27,,1,76.68,engaged_365,false
AB-10049,maya.moreau49@example.com,Maya,Moreau,America/Los_Angeles,true,2026-04-01,false,,false,2026-05-08,2026-06-17,,1,63.13,engaged_30,false
AB-10050,june.patel50@example.com,June,Patel,America/New_York,true,2024-11-09,false,,false,2024-12-19,2025-02-21,,3,111.02,engaged_30,false
AB-10051,dana.patel51@example.com,Dana,Patel,America/Los_Angeles,true,2025-07-13,false,,false,2025-09-04,2026-05-01,,1,42.28,engaged_30,false
AB-10052,chloe.kim52@example.com,Chloe,Kim,America/New_York,true,2025-09-27,false,,true,2025-11-10,2026-02-15,2026-08-07,6,433.33,unengaged_12m,false
AB-10053,ruby.ali53@example.com,Ruby,Ali,America/New_York,true,2025-09-02,false,,false,2025-10-16,2026-01-20,,3,232.07,unengaged_12m,false
AB-10054,noemi.lopez54@example.com,Noemi,Lopez,America/Chicago,true,2026-01-21,false,,false,2026-02-18,2025-10-19,,1,69.78,unengaged_12m,false
AB-10055,dana.patel55@example.com,Dana,Patel,America/Denver,true,2025-01-08,false,,false,2025-02-16,2026-07-01,,1,75.33,engaged_90,false
AB-10056,gia.nguyen56@example.com,Gia,Nguyen,America/Chicago,true,2025-10-30,false,,true,2025-11-21,2025-05-19,2026-08-07,20,1177.06,engaged_365,false
AB-10057,priya.fischer57@example.com,Priya,Fischer,America/Denver,true,2025-12-21,false,,false,2026-01-09,2025-03-25,,12,720.98,unengaged_12m,false
AB-10058,priya.rossi58@example.com,Priya,Rossi,America/New_York,true,2026-03-07,false,,false,2026-03-28,2025-06-26,,4,194.76,engaged_90,false
AB-10059,noemi.chen59@example.com,Noemi,Chen,America/Chicago,true,2025-06-25,false,,false,2025-08-16,2026-08-09,,1,86.28,unengaged_12m,false
AB-10060,noemi.ali60@example.com,Noemi,Ali,America/New_York,true,2025-06-26,false,,false,2025-07-08,2025-11-10,,2,85.11,engaged_30,false
AB-10061,ruby.ali61@example.com,Ruby,Ali,America/Los_Angeles,true,2026-04-30,false,,false,2026-06-14,2025-12-08,,7,435.29,engaged_365,false
AB-10062,ruby.osei62@example.com,Ruby,Osei,America/New_York,true,2025-10-08,false,,false,2025-11-25,2026-03-06,,10,791.03,unengaged_12m,false
AB-10063,elle.patel63@example.com,Elle,Patel,America/Chicago,true,2025-01-23,false,,false,2025-03-06,2025-01-23,,8,412.66,engaged_30,false
AB-10064,chloe.vega64@example.com,Chloe,Vega,America/Chicago,true,2026-03-13,false,,false,2026-05-03,2026-08-08,,1,66.64,unengaged_12m,false
AB-10065,ruby.braun65@example.com,Ruby,Braun,America/Chicago,true,2026-01-08,false,,false,2026-02-11,2025-09-04,,1,43.95,engaged_365,false
AB-10066,noemi.weber66@example.com,Noemi,Weber,America/Chicago,true,2025-12-27,false,,false,2026-01-01,2025-09-19,,8,505.94,engaged_30,false
AB-10067,elle.weber67@example.com,Elle,Weber,America/New_York,true,2024-07-17,false,,false,2024-09-14,2026-07-04,,8,637.16,unengaged_12m,true
AB-10068,june.nguyen68@example.com,June,Nguyen,America/Los_Angeles,true,2025-03-02,true,2025-04-19,false,2025-04-19,2026-03-05,,1,64.68,engaged_30,false
AB-10069,lena.nguyen69@example.com,Lena,Nguyen,America/Chicago,true,2026-03-05,false,,false,2026-04-22,2025-07-17,,4,241.24,unengaged_12m,false
AB-10070,kate.diaz70@example.com,Kate,Diaz,America/Los_Angeles,true,2026-04-05,false,,true,2026-05-04,2025-05-20,2026-08-03,15,1749.64,unengaged_12m,false
AB-10071,emma.ali71@example.com,Emma,Ali,America/New_York,true,2026-05-09,false,,false,2026-06-14,2025-07-23,,1,32.37,unengaged_12m,false
AB-10072,nora.fischer72@example.com,Nora,Fischer,America/New_York,true,2026-01-02,false,,false,2026-01-10,2024-12-21,,1,94.03,unengaged_12m,true
AB-10073,dana.moreau73@example.com,Dana,Moreau,America/Chicago,true,2025-03-19,false,,false,2025-03-24,2025-05-15,,5,396.69,unengaged_12m,true
AB-10074,june.patel74@example.com,June,Patel,America/Chicago,true,2025-09-08,false,,false,2025-10-30,2025-07-16,,1,39.76,unengaged_12m,true
AB-10075,june.patel75@example.com,June,Patel,America/Phoenix,true,2024-07-18,false,,false,2024-09-07,2026-06-21,,1,127.46,engaged_30,false
AB-10076,gia.diaz76@example.com,Gia,Diaz,America/Los_Angeles,true,2025-09-23,false,,false,2025-11-20,2026-03-23,,2,93.29,unengaged_12m,false
AB-10077,kate.chen77@example.com,Kate,Chen,America/New_York,true,2024-10-14,false,,false,2024-11-27,2025-10-12,,1,82.5,engaged_30,false
AB-10078,cora.haddad78@example.com,Cora,Haddad,America/New_York,true,2025-06-05,false,,false,2025-07-04,2025-04-04,,1,91.02,engaged_30,false
AB-10079,ruby.nguyen79@example.com,Ruby,Nguyen,America/Los_Angeles,true,2026-04-21,false,,false,2026-04-27,2025-06-30,,1,44.46,unengaged_12m,false
AB-10080,noemi.rossi80@example.com,Noemi,Rossi,America/New_York,true,2025-09-17,true,2025-10-16,false,2025-10-16,2025-07-26,,1,36.17,unengaged_12m,false
AB-10081,nora.diaz81@example.com,Nora,Diaz,America/New_York,true,2024-11-27,false,,false,2024-12-16,2025-04-22,,1,69.54,unengaged_12m,false
AB-10082,ruby.sato82@example.com,Ruby,Sato,America/New_York,true,2026-04-23,false,,true,2026-06-05,2025-10-24,2026-07-16,12,861.8,engaged_90,false
AB-10083,gia.osei83@example.com,Gia,Osei,America/New_York,true,2025-12-26,false,,false,2026-02-05,2025-06-19,,4,283.11,unengaged_12m,false
AB-10084,lena.chen84@example.com,Lena,Chen,America/Denver,true,2025-02-28,true,2025-04-14,false,2025-04-14,2025-08-08,,6,402.39,unengaged_12m,false
AB-10085,lena.kim85@example.com,Lena,Kim,America/Los_Angeles,true,2025-02-14,true,2025-04-04,false,2025-04-04,2026-07-20,,1,55.51,engaged_30,false
AB-10086,jade.lopez86@example.com,Jade,Lopez,America/Phoenix,true,2025-11-16,false,,false,2025-12-15,2025-12-15,,1,63.17,engaged_30,false
AB-10087,olivia.vega87@example.com,Olivia,Vega,America/New_York,true,2026-01-16,true,2026-02-15,false,2026-02-15,2026-02-13,,9,448.12,engaged_365,false
AB-10088,ava.novak88@example.com,Ava,Novak,America/New_York,true,2025-10-29,false,,false,2025-11-12,2025-06-05,,1,76.07,engaged_30,false
AB-10089,gia.okafor89@example.com,Gia,Okafor,America/Chicago,true,2024-12-05,false,,false,2025-02-03,2025-12-27,,1,63.4,engaged_90,false
AB-10090,maya.fischer90@example.com,Maya,Fischer,America/New_York,true,2026-05-29,true,2026-06-12,false,2026-06-12,2025-05-13,,1,43.92,unengaged_12m,false
AB-10091,sofia.nguyen91@example.com,Sofia,Nguyen,America/Chicago,true,2025-09-26,false,,true,2025-10-05,2025-11-30,2026-07-20,15,966.03,unengaged_12m,false
AB-10092,amara.patel92@example.com,Amara,Patel,America/Chicago,true,2026-02-07,false,,false,2026-04-03,2026-01-02,,3,245.26,unengaged_12m,false
AB-10093,nora.sato93@example.com,Nora,Sato,America/New_York,true,2025-03-18,false,,false,2025-05-14,2025-09-24,,2,158.57,engaged_90,false
AB-10094,iris.novak94@example.com,Iris,Novak,America/Denver,true,2026-03-03,true,2026-04-11,false,2026-04-11,2025-01-18,,3,206.28,unengaged_12m,false
AB-10095,noemi.osei95@example.com,Noemi,Osei,America/New_York,true,2025-06-30,false,,false,2025-07-16,2026-06-19,,4,265.94,unengaged_12m,false
AB-10096,sasha.patel96@example.com,Sasha,Patel,America/New_York,true,2025-10-11,false,,false,2025-12-08,2025-01-18,,1,27.32,engaged_90,false
AB-10097,wren.moreau97@example.com,Wren,Moreau,America/Chicago,true,2024-11-23,true,2024-12-16,false,2024-12-16,2025-01-17,,8,527.17,engaged_30,false
AB-10098,mara.moreau98@example.com,Mara,Moreau,America/New_York,true,2025-08-06,true,2025-08-31,false,2025-08-31,2025-06-26,,5,276.23,engaged_30,false
AB-10099,gia.rivera99@example.com,Gia,Rivera,America/New_York,true,2025-06-12,false,,false,2025-06-23,2025-07-28,,1,71.17,engaged_90,false
AB-10100,jade.braun100@example.com,Jade,Braun,America/Chicago,true,2025-12-22,false,,false,2026-02-04,2025-06-02,,1,42.11,engaged_30,false
AB-10101,dana.sato101@example.com,Dana,Sato,America/New_York,true,2026-01-20,false,,false,2026-03-19,2025-03-30,,1,43.82,engaged_30,false
AB-10102,ruby.chen102@example.com,Ruby,Chen,America/New_York,true,2026-04-06,false,,false,2026-05-18,2025-11-22,,1,58.06,engaged_30,false
AB-10103,emma.rivera103@example.com,Emma,Rivera,America/Chicago,true,2026-02-10,true,2026-03-03,false,2026-03-03,2025-08-13,,1,73.76,unengaged_12m,false
AB-10104,gia.chen104@example.com,Gia,Chen,America/New_York,true,2026-03-06,false,,false,2026-04-25,2026-04-15,,4,164.47,unengaged_12m,false
AB-10105,jade.haddad105@example.com,Jade,Haddad,America/Los_Angeles,true,2025-05-14,false,,false,2025-07-08,2025-06-26,,1,51.23,unengaged_12m,true
AB-10106,tessa.patel106@example.com,Tessa,Patel,America/Los_Angeles,true,2025-11-27,false,,false,2026-01-22,2025-08-18,,1,47.18,engaged_30,false
AB-10107,kate.novak107@example.com,Kate,Novak,America/New_York,true,2025-12-03,false,,false,2025-12-23,2026-05-25,,1,45.56,engaged_30,false
AB-10108,wren.diaz108@example.com,Wren,Diaz,America/Chicago,true,2024-10-29,false,,false,2024-11-27,2025-09-21,,1,82.62,unengaged_12m,false
AB-10109,sofia.diaz109@example.com,Sofia,Diaz,America/New_York,true,2025-09-04,false,,false,2025-10-05,2026-05-27,,1,51.35,engaged_90,false
AB-10110,dana.chen110@example.com,Dana,Chen,America/New_York,true,2026-04-25,false,,false,2026-04-26,2025-07-13,,2,139.5,engaged_365,false
AB-10111,noemi.chen111@example.com,Noemi,Chen,America/New_York,true,2024-09-10,false,,false,2024-09-14,2025-03-15,,1,60.89,engaged_365,false
AB-10112,maya.ali112@example.com,Maya,Ali,America/New_York,true,2025-06-27,false,,false,2025-07-27,2025-05-19,,8,675.1,engaged_30,false
AB-10113,amara.fischer113@example.com,Amara,Fischer,America/Chicago,true,2025-09-20,false,,false,2025-09-27,2026-06-18,,1,75.11,unengaged_12m,false
AB-10114,kate.nguyen114@example.com,Kate,Nguyen,America/New_York,true,2025-05-22,false,,true,2025-06-13,2025-08-19,2026-08-04,15,1287.72,engaged_365,false
AB-10115,iris.patel115@example.com,Iris,Patel,America/Los_Angeles,true,2025-05-08,false,,false,2025-06-07,2025-01-15,,1,56.58,unengaged_12m,true
AB-10116,jade.novak116@example.com,Jade,Novak,America/Denver,true,2024-12-22,false,,false,2025-01-20,2025-09-28,,1,51.72,engaged_30,false
AB-10117,chloe.nguyen117@example.com,Chloe,Nguyen,America/Los_Angeles,true,2025-10-01,false,,false,2025-11-24,2025-10-12,,23,992.92,engaged_30,false
AB-10118,emma.fischer118@example.com,Emma,Fischer,America/Los_Angeles,true,2025-01-10,false,,false,2025-01-20,2025-07-21,,1,46.08,engaged_30,false
AB-10119,isla.vega119@example.com,Isla,Vega,America/Los_Angeles,true,2025-04-03,false,,false,2025-04-21,2025-12-10,,1,88.24,engaged_90,false
AB-10120,sasha.patel120@example.com,Sasha,Patel,America/Los_Angeles,true,2025-09-28,false,,false,2025-11-16,2026-01-24,,1,50.05,engaged_365,false
AB-10121,june.ali121@example.com,June,Ali,America/Chicago,true,2025-05-26,false,,false,2025-06-17,2026-02-26,,1,92.47,engaged_90,false
AB-10122,sasha.novak122@example.com,Sasha,Novak,America/Los_Angeles,true,2025-01-29,true,2025-03-08,true,2025-03-08,2026-01-19,2026-08-02,16,1407.89,engaged_365,false
AB-10123,isla.moreau123@example.com,Isla,Moreau,America/New_York,true,2025-03-17,false,,false,2025-04-22,2025-08-18,,1,50.61,unengaged_12m,false
AB-10124,cora.chen124@example.com,Cora,Chen,America/New_York,true,2025-06-05,false,,false,2025-06-13,2025-09-01,,11,648.54,engaged_90,false
AB-10125,olivia.chen125@example.com,Olivia,Chen,America/New_York,true,2026-01-20,false,,false,2026-02-21,2026-08-05,,3,195.14,engaged_365,false
AB-10126,ava.moreau126@example.com,Ava,Moreau,America/New_York,true,2024-10-22,false,,false,2024-10-28,2026-06-23,,1,73.36,engaged_90,false
AB-10127,kate.vega127@example.com,Kate,Vega,America/Chicago,true,2025-01-23,false,,true,2025-02-17,2026-01-15,2026-07-31,5,357.72,unengaged_12m,false
AB-10128,sasha.rossi128@example.com,Sasha,Rossi,America/New_York,true,2024-07-11,false,,false,2024-09-01,2025-03-09,,2,90.32,unengaged_12m,false
AB-10129,tessa.diaz129@example.com,Tessa,Diaz,America/New_York,true,2025-05-12,false,,false,2025-06-26,2026-06-02,,1,59.5,engaged_30,false
AB-10130,gia.silva130@example.com,Gia,Silva,America/Los_Angeles,true,2025-06-18,false,,false,2025-08-07,2025-04-22,,1,52.19,unengaged_12m,false
AB-10131,priya.haddad131@example.com,Priya,Haddad,America/Los_Angeles,true,2025-03-26,false,,true,2025-04-01,2026-05-23,2026-07-28,8,600.8,engaged_365,false
AB-10132,ruby.fischer132@example.com,Ruby,Fischer,America/New_York,true,2025-02-24,false,,false,2025-03-16,2026-06-23,,1,62.24,engaged_90,false
AB-10133,jade.moreau133@example.com,Jade,Moreau,America/New_York,true,2025-04-25,false,,false,2025-05-30,2026-01-31,,2,100.56,unengaged_12m,false
AB-10134,priya.rossi134@example.com,Priya,Rossi,America/Los_Angeles,true,2026-03-10,true,2026-04-20,false,2026-04-20,2025-09-16,,2,167.01,unengaged_12m,false
AB-10135,jade.patel135@example.com,Jade,Patel,America/New_York,true,2025-04-29,true,2025-05-03,false,2025-05-03,2025-05-10,,1,73.63,engaged_90,false
AB-10136,iris.vega136@example.com,Iris,Vega,America/Phoenix,true,2026-03-27,false,,false,2026-05-16,2026-07-10,,1,50.89,unengaged_12m,false
AB-10137,sasha.ali137@example.com,Sasha,Ali,America/New_York,true,2024-09-02,false,,true,2024-09-21,2025-07-01,2026-07-31,11,538.92,engaged_30,false
AB-10138,iris.rossi138@example.com,Iris,Rossi,America/New_York,true,2026-01-20,false,,true,2026-02-23,2025-10-01,2026-07-29,11,619.01,engaged_30,false
AB-10139,noemi.silva139@example.com,Noemi,Silva,America/New_York,true,2025-03-15,false,,false,2025-04-13,2025-03-26,,1,75.38,unengaged_12m,false
AB-10140,olivia.okafor140@example.com,Olivia,Okafor,America/Chicago,true,2025-03-20,false,,false,2025-04-14,2026-06-05,,12,953.91,engaged_90,false
AB-10141,ruby.patel141@example.com,Ruby,Patel,America/Los_Angeles,true,2024-08-22,false,,false,2024-09-28,2025-12-24,,1,25,engaged_90,false
AB-10142,chloe.novak142@example.com,Chloe,Novak,America/New_York,true,2025-06-13,true,2025-07-09,false,2025-07-09,2026-05-14,,1,39.93,engaged_365,false
AB-10143,tessa.diaz143@example.com,Tessa,Diaz,America/Chicago,true,2024-11-17,false,,false,2024-12-02,2025-05-07,,1,85.83,unengaged_12m,false
AB-10144,amara.rossi144@example.com,Amara,Rossi,America/New_York,true,2024-11-17,false,,false,2024-12-26,2026-06-15,,2,162.86,engaged_90,false
AB-10145,amara.novak145@example.com,Amara,Novak,America/New_York,true,2025-11-10,false,,false,2025-11-25,2026-05-22,,1,104.65,unengaged_12m,false
AB-10146,kate.osei146@example.com,Kate,Osei,America/New_York,true,2024-09-17,false,,false,2024-10-22,2025-08-30,,1,51.06,unengaged_12m,true
AB-10147,june.chen147@example.com,June,Chen,America/Los_Angeles,true,2026-05-18,false,,true,2026-05-28,2025-05-17,2026-07-27,19,1174.64,engaged_30,false
AB-10148,sasha.rivera148@example.com,Sasha,Rivera,America/Chicago,true,2025-08-21,true,2025-09-20,false,2025-09-20,2025-05-03,,2,115.33,unengaged_12m,false
AB-10149,maya.haddad149@example.com,Maya,Haddad,America/New_York,true,2025-11-23,false,,false,2025-12-17,2025-09-18,,1,74.77,engaged_30,false
AB-10150,iris.weber150@example.com,Iris,Weber,America/New_York,true,2024-12-11,true,2024-12-15,false,2024-12-15,2026-03-19,,1,62.48,engaged_90,false
AB-10151,ruby.weber151@example.com,Ruby,Weber,America/Los_Angeles,true,2026-01-10,false,,false,2026-01-31,2026-01-28,,3,213.57,unengaged_12m,false
AB-10152,priya.fischer152@example.com,Priya,Fischer,America/Chicago,true,2025-02-06,false,,false,2025-02-19,2025-08-14,,1,82.11,unengaged_12m,true
AB-10153,ruby.diaz153@example.com,Ruby,Diaz,America/Chicago,true,2024-07-03,false,,false,2024-08-24,2026-04-22,,1,54.79,engaged_365,false
AB-10154,lena.rossi154@example.com,Lena,Rossi,America/Los_Angeles,true,2025-04-15,false,,false,2025-05-29,2025-07-11,,1,46.19,engaged_90,false
AB-10155,wren.osei155@example.com,Wren,Osei,America/New_York,true,2024-09-19,false,,false,2024-10-26,2025-08-28,,1,55.53,unengaged_12m,false
AB-10156,iris.novak156@example.com,Iris,Novak,America/New_York,true,2025-01-20,false,,false,2025-02-16,2026-03-11,,1,89.62,unengaged_12m,false
AB-10157,amara.novak157@example.com,Amara,Novak,America/New_York,true,2025-12-09,false,,false,2026-01-28,2025-08-31,,1,68.89,unengaged_12m,false
AB-10158,amara.osei158@example.com,Amara,Osei,America/Chicago,true,2025-02-15,false,,false,2025-03-14,2026-07-14,,3,131.28,unengaged_12m,false
AB-10159,lena.braun159@example.com,Lena,Braun,America/Chicago,true,2024-10-18,false,,false,2024-11-23,2025-07-17,,1,81.83,engaged_365,false
AB-10160,mara.lopez160@example.com,Mara,Lopez,America/New_York,true,2026-02-01,false,,false,2026-03-23,2026-01-14,,1,44.52,engaged_90,false
AB-10161,wren.vega161@example.com,Wren,Vega,America/Los_Angeles,true,2026-04-20,false,,false,2026-05-11,2025-01-13,,2,137.58,engaged_365,false
AB-10162,mara.diaz162@example.com,Mara,Diaz,America/Chicago,true,2025-12-14,false,,false,2026-01-17,2025-11-13,,1,39.86,unengaged_12m,false
AB-10163,chloe.lopez163@example.com,Chloe,Lopez,America/New_York,true,2025-07-30,false,,false,2025-09-12,2025-03-28,,3,171.97,unengaged_12m,false
AB-10164,iris.osei164@example.com,Iris,Osei,America/Los_Angeles,true,2025-09-21,false,,false,2025-10-06,2025-08-22,,1,41.83,unengaged_12m,false
AB-10165,olivia.patel165@example.com,Olivia,Patel,America/New_York,true,2026-04-13,false,,false,2026-04-24,2025-11-21,,1,51.96,engaged_90,false
AB-10166,chloe.kim166@example.com,Chloe,Kim,America/Los_Angeles,true,2024-11-03,true,2024-12-15,false,2024-12-15,2025-12-05,,2,156.39,engaged_365,false
AB-10167,amara.lopez167@example.com,Amara,Lopez,America/Chicago,true,2025-04-04,false,,true,2025-05-16,2026-06-11,2026-08-01,12,970.87,engaged_30,false
AB-10168,isla.sato168@example.com,Isla,Sato,America/Denver,true,2025-03-09,false,,false,2025-03-13,2026-06-11,,1,76.49,engaged_90,false
AB-10169,sofia.braun169@example.com,Sofia,Braun,America/New_York,true,2026-04-19,false,,false,2026-06-05,2026-02-11,,5,530.38,engaged_30,false
AB-10170,maya.weber170@example.com,Maya,Weber,America/Los_Angeles,true,2025-07-23,false,,false,2025-09-20,2025-09-01,,4,341.12,engaged_30,false
AB-10171,kate.osei171@example.com,Kate,Osei,America/Chicago,true,2026-01-12,false,,false,2026-02-26,2026-01-25,,4,253.43,engaged_365,false
AB-10172,jade.haddad172@example.com,Jade,Haddad,America/Los_Angeles,true,2025-11-29,false,,false,2026-01-04,2025-06-21,,1,54.17,unengaged_12m,true
AB-10173,amara.nguyen173@example.com,Amara,Nguyen,America/New_York,true,2025-11-13,true,2026-01-05,false,2026-01-05,2025-11-29,,8,598.82,engaged_30,false
AB-10174,tessa.lopez174@example.com,Tessa,Lopez,America/New_York,true,2025-07-10,false,,false,2025-08-10,2026-06-08,,1,61.54,unengaged_12m,false
AB-10175,dana.patel175@example.com,Dana,Patel,America/New_York,true,2025-08-22,false,,false,2025-08-29,2025-07-30,,2,118.62,unengaged_12m,false
AB-10176,nora.novak176@example.com,Nora,Novak,America/Chicago,true,2024-09-24,false,,false,2024-10-31,2025-12-30,,1,50.18,unengaged_12m,false
AB-10177,mara.vega177@example.com,Mara,Vega,America/Los_Angeles,true,2025-03-05,false,,true,2025-04-12,2026-05-13,2026-08-02,10,250,engaged_30,false
AB-10178,amara.kim178@example.com,Amara,Kim,America/Chicago,true,2025-07-14,false,,false,2025-08-12,2025-03-06,,4,146.44,unengaged_12m,false
AB-10179,maya.ali179@example.com,Maya,Ali,America/New_York,true,2024-11-23,false,,false,2024-12-13,2025-09-29,,1,71.71,engaged_365,false
AB-10180,tessa.moreau180@example.com,Tessa,Moreau,America/Los_Angeles,true,2024-10-24,false,,false,2024-11-28,2026-06-10,,1,37.2,engaged_365,false
AB-10181,sofia.diaz181@example.com,Sofia,Diaz,America/New_York,true,2026-02-19,false,,false,2026-02-25,2025-06-06,,3,224.67,unengaged_12m,false
AB-10182,tessa.ali182@example.com,Tessa,Ali,America/Los_Angeles,true,2025-05-03,true,2025-06-24,false,2025-06-24,2025-08-19,,1,97.75,engaged_30,false
AB-10183,noemi.weber183@example.com,Noemi,Weber,America/Chicago,true,2025-10-30,false,,false,2025-11-27,2025-04-23,,3,161.42,unengaged_12m,false
AB-10184,noemi.sato184@example.com,Noemi,Sato,America/Chicago,true,2025-10-22,false,,false,2025-11-02,2026-07-09,,1,68.53,unengaged_12m,false
AB-10185,cora.vega185@example.com,Cora,Vega,America/Los_Angeles,true,2026-06-08,false,,false,2026-06-27,2026-07-07,,1,71.63,engaged_30,false
AB-10186,mara.chen186@example.com,Mara,Chen,America/New_York,true,2025-03-26,false,,true,2025-04-20,2026-02-14,2026-07-22,8,502.86,unengaged_12m,true
AB-10187,gia.braun187@example.com,Gia,Braun,America/New_York,true,2024-08-20,false,,false,2024-08-24,2026-03-17,,3,92.62,engaged_30,false
AB-10188,amara.lopez188@example.com,Amara,Lopez,America/New_York,true,2024-11-12,true,2024-12-20,false,2024-12-20,2025-03-21,,6,545.11,engaged_30,false
AB-10189,iris.weber189@example.com,Iris,Weber,America/Los_Angeles,true,2025-05-07,false,,false,2025-05-13,2026-02-03,,1,34.81,engaged_90,false
AB-10190,priya.lopez190@example.com,Priya,Lopez,America/Los_Angeles,true,2026-01-04,false,,false,2026-02-16,2026-03-26,,3,245.7,unengaged_12m,false
AB-10191,lena.kim191@example.com,Lena,Kim,America/New_York,true,2025-02-16,false,,true,2025-04-09,2026-05-18,2026-07-28,9,451.69,engaged_365,false
AB-10192,mara.vega192@example.com,Mara,Vega,America/Chicago,true,2025-11-25,false,,false,2026-01-02,2026-01-09,,3,117.33,engaged_30,false
AB-10193,jade.patel193@example.com,Jade,Patel,America/Los_Angeles,true,2025-11-12,false,,true,2025-12-31,2025-06-22,2026-07-25,12,575.47,engaged_30,false
AB-10194,chloe.weber194@example.com,Chloe,Weber,America/Los_Angeles,true,2025-08-06,false,,false,2025-09-27,2025-03-03,,1,45.39,engaged_30,false
AB-10195,dana.silva195@example.com,Dana,Silva,America/Los_Angeles,true,2025-07-27,true,2025-08-20,false,2025-08-20,2025-06-13,,5,292.18,engaged_90,false
AB-10196,nora.novak196@example.com,Nora,Novak,America/New_York,true,2024-11-02,false,,false,2024-11-22,2025-07-18,,1,53.01,engaged_90,false
AB-10197,nora.diaz197@example.com,Nora,Diaz,America/Chicago,true,2025-07-02,false,,false,2025-08-02,2025-03-26,,1,67.12,unengaged_12m,false
AB-10198,gia.rossi198@example.com,Gia,Rossi,America/New_York,true,2025-01-18,false,,false,2025-02-28,2026-05-26,,1,104.1,unengaged_12m,false
AB-10199,mara.chen199@example.com,Mara,Chen,America/Los_Angeles,true,2024-08-25,false,,false,2024-10-06,2025-03-11,,1,26.89,unengaged_12m,true
AB-10200,maya.vega200@example.com,Maya,Vega,America/Chicago,true,2025-03-03,false,,false,2025-03-06,2026-07-24,,2,168.16,engaged_90,false
AB-10201,lena.osei201@example.com,Lena,Osei,America/Los_Angeles,true,2024-08-17,false,,true,2024-08-22,2025-09-18,2026-08-03,7,449.33,engaged_30,false
AB-10202,chloe.vega202@example.com,Chloe,Vega,America/Chicago,true,2025-09-30,false,,false,2025-10-13,2025-12-04,,3,306.14,engaged_90,false
AB-10203,nora.patel203@example.com,Nora,Patel,America/Denver,true,2024-07-22,false,,false,2024-09-12,2025-06-21,,10,836.96,engaged_90,false
AB-10204,noemi.diaz204@example.com,Noemi,Diaz,America/New_York,true,2026-01-11,false,,true,2026-01-19,2026-02-16,2026-08-07,11,573.05,engaged_30,false
AB-10205,elle.braun205@example.com,Elle,Braun,America/Chicago,true,2026-03-03,false,,true,2026-04-28,2026-03-14,2026-08-07,10,492.47,unengaged_12m,false
AB-10206,jade.rivera206@example.com,Jade,Rivera,America/Los_Angeles,true,2025-04-25,false,,false,2025-06-01,2025-07-08,,5,274.67,engaged_365,false
AB-10207,noemi.nguyen207@example.com,Noemi,Nguyen,America/New_York,true,2026-02-26,false,,false,2026-04-24,2025-05-20,,1,84.09,unengaged_12m,true
AB-10208,sofia.nguyen208@example.com,Sofia,Nguyen,America/Chicago,true,2024-09-24,false,,false,2024-11-11,2025-05-06,,1,62.65,engaged_30,false
AB-10209,iris.osei209@example.com,Iris,Osei,America/Los_Angeles,true,2024-10-12,false,,false,2024-11-21,2025-10-12,,2,115.27,engaged_30,false
AB-10210,elle.okafor210@example.com,Elle,Okafor,America/New_York,true,2024-08-12,false,,false,2024-10-02,2025-09-29,,1,48.91,engaged_30,false
AB-10211,wren.moreau211@example.com,Wren,Moreau,America/New_York,true,2025-04-28,true,2025-04-28,true,2025-04-28,2026-05-31,2026-08-03,13,947.5,engaged_365,false
AB-10212,noemi.okafor212@example.com,Noemi,Okafor,America/Chicago,true,2025-04-27,false,,false,2025-06-14,2025-12-05,,1,35.19,unengaged_12m,false
AB-10213,isla.weber213@example.com,Isla,Weber,America/New_York,true,2025-10-03,false,,false,2025-10-12,2025-05-22,,1,78.13,engaged_30,false
AB-10214,ruby.diaz214@example.com,Ruby,Diaz,America/Los_Angeles,true,2025-09-22,false,,false,2025-11-03,2026-03-25,,2,74.16,engaged_90,false
AB-10215,tessa.nguyen215@example.com,Tessa,Nguyen,America/Los_Angeles,true,2025-08-01,false,,false,2025-08-10,2026-03-24,,1,62.66,engaged_90,false
AB-10216,sasha.kim216@example.com,Sasha,Kim,America/Chicago,true,2025-05-04,false,,false,2025-06-01,2024-12-29,,7,384.0,engaged_365,false
AB-10217,jade.weber217@example.com,Jade,Weber,America/New_York,true,2025-06-01,false,,false,2025-07-05,2025-01-29,,1,88.8,engaged_365,false
AB-10218,wren.osei218@example.com,Wren,Osei,America/New_York,true,2025-11-23,false,,false,2025-12-11,2025-06-18,,1,54.9,unengaged_12m,false
AB-10219,olivia.patel219@example.com,Olivia,Patel,America/New_York,true,2025-04-12,false,,false,2025-05-06,2025-04-07,,3,266.19,engaged_30,false
AB-10220,noemi.fischer220@example.com,Noemi,Fischer,America/Los_Angeles,true,2025-04-02,true,2025-05-11,false,2025-05-11,2026-05-15,,1,66.3,unengaged_12m,false
AB-10221,nora.rossi221@example.com,Nora,Rossi,America/New_York,true,2024-11-08,false,,false,2024-12-14,2025-09-05,,9,410.05,unengaged_12m,false
AB-10222,cora.silva222@example.com,Cora,Silva,America/New_York,true,2025-01-09,false,,false,2025-02-06,2025-07-23,,3,109.03,engaged_30,false
AB-10223,wren.braun223@example.com,Wren,Braun,America/Denver,true,2026-06-06,true,2026-06-18,false,2026-06-18,2026-05-15,,1,52.21,engaged_90,false
AB-10224,gia.novak224@example.com,Gia,Novak,America/New_York,true,2025-12-01,false,,false,2025-12-14,2026-06-03,,1,57.28,unengaged_12m,false
AB-10225,elle.silva225@example.com,Elle,Silva,America/New_York,true,2026-02-09,false,,false,2026-03-24,2025-12-04,,2,137.3,engaged_30,false
AB-10226,noemi.haddad226@example.com,Noemi,Haddad,America/New_York,true,2025-01-30,false,,false,2025-03-27,2026-07-12,,1,52.49,unengaged_12m,false
AB-10227,chloe.ali227@example.com,Chloe,Ali,America/Chicago,true,2025-11-16,false,,false,2025-12-06,2026-06-07,,1,68.46,unengaged_12m,false
AB-10228,noemi.haddad228@example.com,Noemi,Haddad,America/New_York,true,2026-02-28,false,,false,2026-03-19,2025-07-05,,1,76.33,unengaged_12m,false
AB-10229,iris.rossi229@example.com,Iris,Rossi,America/Los_Angeles,true,2024-07-18,false,,false,2024-08-23,2026-05-16,,2,90.49,engaged_90,false
AB-10230,jade.silva230@example.com,Jade,Silva,America/New_York,true,2025-05-07,false,,true,2025-06-26,2026-03-10,2026-07-13,14,608.53,engaged_90,false
AB-10231,noemi.haddad231@example.com,Noemi,Haddad,America/Chicago,true,2025-12-24,false,,false,2026-02-20,2025-08-08,,1,77.64,unengaged_12m,false
AB-10232,priya.novak232@example.com,Priya,Novak,America/New_York,true,2024-11-02,false,,false,2024-12-15,2025-05-13,,1,34.67,engaged_90,false
AB-10233,sofia.braun233@example.com,Sofia,Braun,America/New_York,true,2025-08-29,false,,false,2025-09-17,2025-10-19,,1,62.86,engaged_30,false
AB-10234,dana.braun234@example.com,Dana,Braun,America/Los_Angeles,true,2024-10-31,false,,false,2024-12-28,2025-07-31,,1,49.24,engaged_365,false
AB-10235,wren.chen235@example.com,Wren,Chen,America/Los_Angeles,true,2025-10-03,false,,false,2025-12-02,2025-11-30,,10,557.29,engaged_90,false
AB-10236,maya.ali236@example.com,Maya,Ali,America/New_York,true,2026-02-15,false,,false,2026-04-15,2025-08-16,,1,93.1,engaged_30,false
AB-10237,sasha.sato237@example.com,Sasha,Sato,America/New_York,true,2025-11-17,false,,false,2025-12-14,2025-02-11,,3,182.46,unengaged_12m,false
AB-10238,noemi.haddad238@example.com,Noemi,Haddad,America/New_York,true,2025-08-06,false,,false,2025-09-20,2026-03-25,,1,82.68,unengaged_12m,false
AB-10239,cora.chen239@example.com,Cora,Chen,America/Phoenix,true,2026-01-07,false,,false,2026-03-06,2026-03-14,,2,111.25,engaged_30,false
AB-10240,nora.weber240@example.com,Nora,Weber,America/Chicago,true,2025-09-19,false,,false,2025-10-11,2025-06-24,,2,113.9,unengaged_12m,false
AB-10241,lena.rossi241@example.com,Lena,Rossi,America/Chicago,true,2024-11-20,false,,false,2024-11-25,2025-04-28,,1,67.04,unengaged_12m,false
AB-10242,elle.rossi242@example.com,Elle,Rossi,America/Los_Angeles,true,2025-04-25,false,,false,2025-06-01,2025-10-24,,1,50.77,engaged_30,false
AB-10243,june.novak243@example.com,June,Novak,America/Chicago,true,2025-07-27,false,,false,2025-07-27,2025-04-27,,4,269.25,unengaged_12m,true
AB-10244,isla.ali244@example.com,Isla,Ali,America/Chicago,true,2025-03-23,false,,false,2025-05-01,2025-11-03,,1,58.4,unengaged_12m,true
AB-10245,iris.moreau245@example.com,Iris,Moreau,America/New_York,true,2024-08-16,false,,false,2024-09-17,2025-10-02,,1,53.13,engaged_90,false
AB-10246,wren.lopez246@example.com,Wren,Lopez,America/New_York,true,2026-03-13,true,2026-04-07,true,2026-04-07,2026-06-09,2026-07-12,12,999.82,engaged_30,false
AB-10247,jade.silva247@example.com,Jade,Silva,America/Phoenix,true,2026-01-05,false,,false,2026-02-28,2026-05-11,,1,73.36,engaged_30,false
AB-10248,emma.silva248@example.com,Emma,Silva,America/New_York,true,2026-02-15,false,,false,2026-02-23,2026-06-01,,1,76.22,unengaged_12m,false
AB-10249,ava.vega249@example.com,Ava,Vega,America/Denver,true,2025-10-14,false,,false,2025-12-07,2025-06-15,,2,56.39,engaged_30,false
AB-10250,dana.kim250@example.com,Dana,Kim,America/New_York,true,2026-02-19,false,,true,2026-03-09,2026-02-06,2026-08-04,11,557.09,engaged_90,false
AB-10251,sasha.vega251@example.com,Sasha,Vega,America/New_York,true,2026-06-13,false,,false,2026-06-16,2025-02-26,,4,309.27,unengaged_12m,false
AB-10252,chloe.weber252@example.com,Chloe,Weber,America/New_York,true,2025-10-18,false,,true,2025-11-10,2025-12-11,2026-08-09,6,380.62,engaged_30,false
AB-10253,olivia.weber253@example.com,Olivia,Weber,America/Los_Angeles,true,2025-05-08,false,,false,2025-07-04,2025-04-15,,1,87.62,engaged_30,false
AB-10254,wren.okafor254@example.com,Wren,Okafor,America/New_York,true,2025-09-13,false,,true,2025-10-18,2025-11-09,2026-07-14,5,396.0,engaged_90,false
AB-10255,sofia.osei255@example.com,Sofia,Osei,America/Chicago,true,2026-04-16,false,,false,2026-04-19,2026-01-14,,1,56.25,engaged_365,false
AB-10256,olivia.osei256@example.com,Olivia,Osei,America/New_York,true,2024-09-16,false,,false,2024-09-16,2026-06-12,,2,175.02,unengaged_12m,false
AB-10257,cora.silva257@example.com,Cora,Silva,America/Chicago,true,2025-07-17,false,,false,2025-08-31,2026-07-29,,2,146.5,unengaged_12m,true
AB-10258,elle.rivera258@example.com,Elle,Rivera,America/New_York,true,2024-12-20,false,,false,2025-01-24,2025-11-08,,1,68.14,engaged_90,false
AB-10259,emma.rivera259@example.com,Emma,Rivera,America/New_York,true,2024-12-02,false,,false,2025-01-23,2026-05-24,,1,49.48,unengaged_12m,false
AB-10260,amara.rossi260@example.com,Amara,Rossi,America/New_York,true,2026-01-02,false,,false,2026-01-24,2026-04-14,,1,61.73,engaged_365,false
AB-10261,amara.rivera261@example.com,Amara,Rivera,America/New_York,true,2025-10-29,false,,false,2025-11-05,2026-03-10,,1,70.38,engaged_90,false
AB-10262,maya.osei262@example.com,Maya,Osei,America/Los_Angeles,true,2024-07-17,false,,false,2024-09-10,2026-05-23,,1,53.86,unengaged_12m,false
AB-10263,emma.fischer263@example.com,Emma,Fischer,America/Denver,true,2025-11-09,false,,true,2025-11-27,2026-01-20,2026-07-11,7,551.66,engaged_90,false
AB-10264,ruby.nguyen264@example.com,Ruby,Nguyen,America/New_York,true,2025-05-07,false,,false,2025-07-01,2025-03-23,,1,47.89,unengaged_12m,false
AB-10265,wren.kim265@example.com,Wren,Kim,America/Los_Angeles,true,2025-11-03,false,,false,2025-11-04,2025-02-02,,1,56.02,unengaged_12m,true
AB-10266,elle.rivera266@example.com,Elle,Rivera,America/Los_Angeles,true,2024-08-24,false,,true,2024-09-08,2026-05-14,2026-07-09,9,716.06,unengaged_12m,false
AB-10267,olivia.moreau267@example.com,Olivia,Moreau,America/New_York,true,2024-12-31,false,,false,2025-01-27,2026-05-16,,1,75.44,unengaged_12m,false
AB-10268,amara.novak268@example.com,Amara,Novak,America/Chicago,true,2024-10-01,false,,false,2024-11-14,2025-11-16,,1,25,engaged_30,false
AB-10269,tessa.nguyen269@example.com,Tessa,Nguyen,America/New_York,true,2026-03-22,true,2026-04-28,false,2026-04-28,2024-12-20,,6,482.72,engaged_30,false
AB-10270,emma.haddad270@example.com,Emma,Haddad,America/New_York,true,2026-02-15,false,,false,2026-03-12,2025-11-12,,1,73.98,engaged_90,false
AB-10271,sofia.haddad271@example.com,Sofia,Haddad,America/Los_Angeles,true,2024-09-24,false,,false,2024-11-03,2026-05-09,,1,59.29,unengaged_12m,false
AB-10272,iris.weber272@example.com,Iris,Weber,America/Chicago,true,2025-09-30,false,,false,2025-10-20,2025-01-24,,3,247.28,unengaged_12m,false
AB-10273,dana.silva273@example.com,Dana,Silva,America/Los_Angeles,true,2026-05-17,false,,false,2026-07-01,2026-01-20,,1,101.39,unengaged_12m,true
AB-10274,iris.okafor274@example.com,Iris,Okafor,America/Chicago,true,2026-04-04,true,2026-04-28,false,2026-04-28,2026-04-01,,1,97.7,engaged_90,false
AB-10275,jade.silva275@example.com,Jade,Silva,America/New_York,true,2025-12-28,false,,false,2026-01-22,2025-07-02,,5,386.53,engaged_90,false
AB-10276,tessa.sato276@example.com,Tessa,Sato,America/New_York,true,2025-12-10,false,,false,2026-01-03,2025-10-12,,1,52.37,unengaged_12m,false
AB-10277,noemi.diaz277@example.com,Noemi,Diaz,America/New_York,true,2026-01-27,false,,false,2026-02-23,2025-11-28,,1,65.4,unengaged_12m,false
AB-10278,noemi.rivera278@example.com,Noemi,Rivera,America/Phoenix,true,2025-06-07,false,,false,2025-07-11,2025-09-15,,1,65.24,engaged_365,false
AB-10279,isla.rivera279@example.com,Isla,Rivera,America/New_York,true,2025-09-16,false,,false,2025-09-29,2024-12-20,,1,45.79,unengaged_12m,false
AB-10280,isla.silva280@example.com,Isla,Silva,America/New_York,true,2024-12-02,false,,false,2025-01-13,2025-07-09,,3,201.9,unengaged_12m,true
AB-10281,isla.haddad281@example.com,Isla,Haddad,America/New_York,true,2025-06-30,false,,false,2025-07-11,2025-08-15,,5,294.83,engaged_30,false
AB-10282,june.novak282@example.com,June,Novak,America/Chicago,true,2025-01-25,true,2025-02-24,false,2025-02-24,2025-12-29,,1,64.26,engaged_30,false
AB-10283,priya.rivera283@example.com,Priya,Rivera,America/New_York,true,2026-02-22,true,2026-03-02,false,2026-03-02,2025-09-13,,1,66.47,engaged_30,false
AB-10284,olivia.braun284@example.com,Olivia,Braun,America/Denver,true,2026-03-10,false,,false,2026-03-22,2025-07-01,,4,365.29,engaged_90,false
AB-10285,jade.patel285@example.com,Jade,Patel,America/New_York,true,2025-03-18,false,,false,2025-04-22,2026-02-13,,3,80.57,unengaged_12m,false
AB-10286,noemi.vega286@example.com,Noemi,Vega,America/Los_Angeles,true,2024-10-24,false,,false,2024-11-17,2026-02-10,,3,122.55,engaged_90,false
AB-10287,elle.braun287@example.com,Elle,Braun,America/New_York,true,2024-10-17,false,,false,2024-12-09,2025-12-27,,1,82.27,engaged_365,false
AB-10288,emma.diaz288@example.com,Emma,Diaz,America/New_York,true,2025-09-14,false,,false,2025-11-12,2025-09-01,,1,51.17,unengaged_12m,false
AB-10289,lena.kim289@example.com,Lena,Kim,America/New_York,true,2025-10-01,false,,true,2025-10-24,2025-06-03,2026-07-12,7,596.36,engaged_30,false
AB-10290,isla.sato290@example.com,Isla,Sato,America/Chicago,true,2024-11-08,false,,false,2024-12-31,2025-12-23,,1,77.08,engaged_365,false
AB-10291,sofia.chen291@example.com,Sofia,Chen,America/New_York,true,2026-03-02,false,,false,2026-03-28,2025-07-22,,1,34.07,engaged_30,false
AB-10292,sofia.osei292@example.com,Sofia,Osei,America/Los_Angeles,true,2025-07-23,false,,false,2025-08-01,2026-02-23,,1,46.38,engaged_30,false
AB-10293,cora.haddad293@example.com,Cora,Haddad,America/New_York,true,2025-12-13,false,,false,2025-12-31,2025-02-03,,1,48.46,engaged_365,false
AB-10294,ruby.patel294@example.com,Ruby,Patel,America/New_York,true,2024-10-11,false,,true,2024-12-05,2025-04-18,2026-07-22,12,860.36,engaged_90,false
AB-10295,sasha.diaz295@example.com,Sasha,Diaz,America/New_York,true,2025-12-09,false,,true,2026-01-20,2026-01-07,2026-08-02,7,532.0,engaged_90,false
AB-10296,priya.diaz296@example.com,Priya,Diaz,America/Los_Angeles,true,2024-09-16,true,2024-09-24,false,2024-09-24,2025-05-11,,1,76.91,engaged_90,false
AB-10297,dana.ali297@example.com,Dana,Ali,America/New_York,true,2024-12-05,false,,false,2024-12-13,2026-05-15,,1,96.38,unengaged_12m,false
AB-10298,noemi.sato298@example.com,Noemi,Sato,America/Los_Angeles,true,2024-12-24,false,,false,2024-12-24,2025-04-11,,1,45.39,unengaged_12m,false
AB-10299,nora.diaz299@example.com,Nora,Diaz,America/New_York,true,2026-06-04,false,,false,2026-06-08,2026-03-13,,1,76.26,unengaged_12m,false
AB-10300,wren.ali300@example.com,Wren,Ali,America/New_York,true,2025-10-29,false,,false,2025-12-09,2026-03-12,,3,225.77,unengaged_12m,false
AB-10301,lena.nguyen301@example.com,Lena,Nguyen,America/Los_Angeles,true,2026-05-05,false,,false,2026-05-06,2025-01-22,,1,75.46,engaged_365,false
AB-10302,lena.fischer302@example.com,Lena,Fischer,America/Chicago,true,2024-10-04,false,,false,2024-10-13,2025-01-07,,1,63.74,engaged_30,false
AB-10303,wren.silva303@example.com,Wren,Silva,America/Los_Angeles,true,2026-02-14,false,,false,2026-04-01,2025-06-16,,3,160.14,unengaged_12m,false
AB-10304,kate.diaz304@example.com,Kate,Diaz,America/Chicago,true,2025-11-23,false,,false,2026-01-18,2025-09-05,,1,77.25,unengaged_12m,true
AB-10305,maya.diaz305@example.com,Maya,Diaz,America/Los_Angeles,true,2026-05-23,false,,false,2026-06-23,2025-03-25,,1,81.37,unengaged_12m,false
AB-10306,mara.silva306@example.com,Mara,Silva,America/Los_Angeles,true,2025-07-29,false,,false,2025-09-09,2025-06-10,,8,243.8,engaged_30,false
AB-10307,sofia.kim307@example.com,Sofia,Kim,America/New_York,true,2025-04-26,false,,false,2025-05-23,2026-06-14,,2,147.55,unengaged_12m,false
AB-10308,isla.okafor308@example.com,Isla,Okafor,America/New_York,true,2026-02-17,false,,false,2026-02-25,2026-01-17,,3,116.78,engaged_30,false
AB-10309,nora.chen309@example.com,Nora,Chen,America/Chicago,true,2025-12-17,false,,false,2025-12-22,2026-04-06,,1,58.45,unengaged_12m,false
AB-10310,nora.rossi310@example.com,Nora,Rossi,America/Chicago,true,2025-03-07,false,,false,2025-03-15,2026-05-10,,1,55.69,unengaged_12m,false
AB-10311,tessa.chen311@example.com,Tessa,Chen,America/New_York,true,2025-10-26,false,,false,2025-12-06,2025-11-08,,4,282.85,unengaged_12m,false
AB-10312,amara.rivera312@example.com,Amara,Rivera,America/Los_Angeles,true,2026-05-14,false,,false,2026-07-04,2025-10-02,,1,69.48,unengaged_12m,true
AB-10313,elle.moreau313@example.com,Elle,Moreau,America/New_York,true,2025-06-25,false,,false,2025-07-21,2025-10-05,,1,70.2,engaged_30,false
AB-10314,sasha.weber314@example.com,Sasha,Weber,America/Chicago,true,2024-07-10,true,2024-09-03,true,2024-09-03,2025-10-10,2026-08-03,16,633.89,engaged_30,false
AB-10315,lena.nguyen315@example.com,Lena,Nguyen,America/Los_Angeles,true,2024-08-16,false,,false,2024-09-14,2025-12-07,,1,52.9,engaged_30,false
AB-10316,sasha.weber316@example.com,Sasha,Weber,America/Denver,true,2026-04-21,false,,false,2026-06-17,2025-07-09,,2,151.9,engaged_90,false
AB-10317,june.braun317@example.com,June,Braun,America/Los_Angeles,true,2025-10-09,false,,false,2025-11-28,2025-08-08,,2,123.56,unengaged_12m,false
AB-10318,isla.osei318@example.com,Isla,Osei,America/New_York,true,2026-01-19,false,,true,2026-03-04,2026-02-20,2026-08-04,14,880.99,engaged_30,false
AB-10319,gia.patel319@example.com,Gia,Patel,America/New_York,true,2025-05-21,false,,false,2025-06-28,2026-04-12,,1,50.59,engaged_90,false
AB-10320,kate.braun320@example.com,Kate,Braun,America/Chicago,true,2025-01-17,false,,false,2025-03-17,2025-10-09,,4,103.24,engaged_90,false
AB-10321,olivia.novak321@example.com,Olivia,Novak,America/Phoenix,true,2024-11-10,false,,false,2024-12-07,2026-02-07,,4,247.57,unengaged_12m,true
AB-10322,priya.nguyen322@example.com,Priya,Nguyen,America/Chicago,true,2024-08-24,false,,false,2024-10-02,2026-03-01,,1,50.22,unengaged_12m,false
AB-10323,wren.okafor323@example.com,Wren,Okafor,America/New_York,true,2025-04-19,false,,false,2025-04-30,2026-07-03,,1,65.66,unengaged_12m,false
AB-10324,gia.rossi324@example.com,Gia,Rossi,America/Los_Angeles,true,2024-12-18,false,,false,2025-01-16,2025-08-23,,1,50.78,engaged_30,false
AB-10325,emma.weber325@example.com,Emma,Weber,America/Chicago,true,2026-04-06,false,,false,2026-05-08,2025-10-17,,3,118.08,engaged_90,false
AB-10326,amara.vega326@example.com,Amara,Vega,America/Chicago,true,2026-01-30,true,2026-02-26,false,2026-02-26,2025-06-23,,1,75.83,engaged_30,false
AB-10327,nora.novak327@example.com,Nora,Novak,America/New_York,true,2025-01-08,false,,true,2025-02-12,2025-07-21,2026-07-16,10,521.37,engaged_30,false
AB-10328,noemi.vega328@example.com,Noemi,Vega,America/New_York,true,2024-07-14,false,,false,2024-09-04,2025-05-13,,1,64.92,engaged_30,false
AB-10329,noemi.moreau329@example.com,Noemi,Moreau,America/Chicago,true,2024-09-08,false,,false,2024-10-06,2026-04-29,,1,57.15,engaged_90,false
AB-10330,lena.vega330@example.com,Lena,Vega,America/Chicago,true,2026-03-04,false,,false,2026-03-28,2026-01-18,,1,51.16,unengaged_12m,false
AB-10331,amara.kim331@example.com,Amara,Kim,America/New_York,true,2026-01-08,false,,false,2026-01-30,2026-01-10,,1,52.11,engaged_365,false
AB-10332,priya.nguyen332@example.com,Priya,Nguyen,America/New_York,true,2026-03-30,false,,true,2026-04-13,2025-06-08,2026-08-05,18,1026.3,unengaged_12m,true
AB-10333,lena.lopez333@example.com,Lena,Lopez,America/Chicago,true,2025-10-05,false,,false,2025-10-16,2026-02-13,,1,53.07,engaged_30,false
AB-10334,ruby.rossi334@example.com,Ruby,Rossi,America/Los_Angeles,true,2026-02-18,false,,false,2026-03-17,2026-02-17,,1,62.28,unengaged_12m,false
AB-10335,dana.vega335@example.com,Dana,Vega,America/New_York,true,2025-05-20,false,,false,2025-06-27,2025-06-26,,3,169.47,engaged_30,false
AB-10336,dana.moreau336@example.com,Dana,Moreau,America/Los_Angeles,true,2025-03-11,false,,false,2025-03-11,2026-06-11,,3,128.76,engaged_30,false
AB-10337,isla.silva337@example.com,Isla,Silva,America/New_York,true,2024-11-02,false,,false,2024-12-08,2025-07-18,,2,72.27,engaged_30,false
AB-10338,sasha.rivera338@example.com,Sasha,Rivera,America/Los_Angeles,true,2026-01-30,false,,false,2026-03-02,2026-06-07,,1,25,engaged_90,false
AB-10339,jade.rivera339@example.com,Jade,Rivera,America/Denver,true,2024-10-07,false,,false,2024-11-30,2025-08-29,,2,129.61,engaged_30,false
AB-10340,elle.vega340@example.com,Elle,Vega,America/New_York,true,2025-09-16,false,,false,2025-11-01,2025-01-16,,1,48.7,engaged_30,false
AB-10341,sasha.chen341@example.com,Sasha,Chen,America/New_York,true,2025-01-27,false,,false,2025-02-11,2026-05-26,,4,159.67,unengaged_12m,false
AB-10342,jade.lopez342@example.com,Jade,Lopez,America/New_York,true,2024-12-26,false,,false,2025-02-09,2025-04-27,,1,50.64,engaged_30,false
AB-10343,june.ali343@example.com,June,Ali,America/New_York,true,2025-07-23,true,2025-08-24,false,2025-08-24,2026-07-23,,1,47.67,engaged_365,false
AB-10344,cora.chen344@example.com,Cora,Chen,America/Chicago,true,2026-03-25,false,,true,2026-04-11,2025-12-21,2026-07-11,16,599.03,unengaged_12m,false
AB-10345,maya.lopez345@example.com,Maya,Lopez,America/Los_Angeles,true,2024-09-21,true,2024-10-17,false,2024-10-17,2025-05-04,,2,66.46,unengaged_12m,false
AB-10346,wren.lopez346@example.com,Wren,Lopez,America/New_York,true,2024-08-05,false,,false,2024-10-03,2026-02-23,,7,394.08,unengaged_12m,true
AB-10347,elle.sato347@example.com,Elle,Sato,America/New_York,true,2025-11-29,false,,false,2026-01-02,2026-01-27,,1,83.11,unengaged_12m,true
AB-10348,emma.sato348@example.com,Emma,Sato,America/New_York,true,2024-07-19,false,,false,2024-08-24,2026-03-26,,1,64.73,unengaged_12m,false
AB-10349,ava.fischer349@example.com,Ava,Fischer,America/Los_Angeles,true,2025-04-03,false,,false,2025-04-26,2025-03-08,,4,169.97,engaged_365,false
AB-10350,isla.braun350@example.com,Isla,Braun,America/New_York,true,2026-03-27,false,,false,2026-03-29,2025-07-13,,1,31.93,engaged_365,false
AB-10351,sasha.lopez351@example.com,Sasha,Lopez,America/New_York,true,2025-09-13,false,,false,2025-09-15,2025-06-14,,1,39.99,engaged_30,false
AB-10352,gia.fischer352@example.com,Gia,Fischer,America/New_York,true,2025-07-21,false,,false,2025-08-26,2025-10-17,,2,170.82,engaged_30,false
AB-10353,mara.novak353@example.com,Mara,Novak,America/Phoenix,true,2025-12-13,false,,false,2026-01-12,2026-04-14,,1,51.96,unengaged_12m,false
AB-10354,noemi.diaz354@example.com,Noemi,Diaz,America/Chicago,true,2025-03-28,false,,false,2025-05-12,2026-07-28,,2,158.95,unengaged_12m,false
AB-10355,ava.weber355@example.com,Ava,Weber,America/New_York,true,2025-11-28,false,,false,2025-12-21,2025-11-27,,1,48.24,unengaged_12m,false
AB-10356,maya.patel356@example.com,Maya,Patel,America/New_York,true,2025-07-04,false,,false,2025-07-11,2025-01-13,,3,272.92,unengaged_12m,false
AB-10357,amara.patel357@example.com,Amara,Patel,America/Denver,true,2025-05-12,false,,true,2025-06-18,2026-06-07,2026-08-06,15,1256.21,engaged_30,false
AB-10358,chloe.vega358@example.com,Chloe,Vega,America/Los_Angeles,true,2025-03-17,false,,false,2025-04-16,2025-01-28,,3,257.62,unengaged_12m,false
AB-10359,chloe.kim359@example.com,Chloe,Kim,America/New_York,true,2026-03-15,true,2026-04-28,false,2026-04-28,2025-03-02,,1,47.16,engaged_30,false
AB-10360,maya.sato360@example.com,Maya,Sato,America/New_York,true,2026-01-25,false,,false,2026-01-30,2026-03-06,,1,61.49,unengaged_12m,true
AB-10361,sasha.chen361@example.com,Sasha,Chen,America/Los_Angeles,true,2024-08-26,false,,false,2024-09-04,2026-05-28,,1,78.12,unengaged_12m,false
AB-10362,jade.fischer362@example.com,Jade,Fischer,America/New_York,true,2026-03-20,false,,false,2026-05-05,2025-08-18,,3,222.44,engaged_90,false
AB-10363,chloe.nguyen363@example.com,Chloe,Nguyen,America/New_York,true,2024-09-02,true,2024-10-18,false,2024-10-18,2026-08-01,,1,80.97,unengaged_12m,false
AB-10364,iris.ali364@example.com,Iris,Ali,America/New_York,true,2024-09-12,false,,false,2024-10-15,2026-04-16,,1,98.32,engaged_90,false
AB-10365,noemi.patel365@example.com,Noemi,Patel,America/New_York,true,2025-05-02,true,2025-06-25,false,2025-06-25,2025-03-30,,1,71.29,engaged_365,false
AB-10366,kate.kim366@example.com,Kate,Kim,America/New_York,true,2026-02-17,false,,true,2026-04-06,2025-06-28,2026-07-27,13,484.53,engaged_30,false
AB-10367,emma.kim367@example.com,Emma,Kim,America/Chicago,true,2025-03-06,true,2025-04-24,false,2025-04-24,2026-03-06,,2,113.53,unengaged_12m,false
AB-10368,elle.nguyen368@example.com,Elle,Nguyen,America/New_York,true,2025-12-26,false,,true,2026-01-12,2025-07-26,2026-07-12,15,1383.03,engaged_90,false
AB-10369,jade.rivera369@example.com,Jade,Rivera,America/New_York,true,2026-06-08,false,,true,2026-07-07,2025-06-20,2026-08-07,15,1144.72,engaged_30,false
AB-10370,iris.fischer370@example.com,Iris,Fischer,America/New_York,true,2025-08-06,false,,false,2025-09-08,2026-07-10,,2,107.81,engaged_90,false
AB-10371,noemi.lopez371@example.com,Noemi,Lopez,America/New_York,true,2024-12-27,false,,false,2025-01-01,2025-07-24,,1,102.35,unengaged_12m,false
AB-10372,ava.osei372@example.com,Ava,Osei,America/Los_Angeles,true,2026-04-29,false,,false,2026-06-01,2025-08-23,,1,43.65,unengaged_12m,false
AB-10373,kate.fischer373@example.com,Kate,Fischer,America/New_York,true,2024-08-25,false,,false,2024-10-20,2026-02-06,,3,147.75,engaged_30,false
AB-10374,june.chen374@example.com,June,Chen,America/Los_Angeles,true,2024-11-19,false,,false,2024-12-28,2026-05-02,,1,47.8,engaged_30,false
AB-10375,june.diaz375@example.com,June,Diaz,America/Los_Angeles,true,2024-08-20,false,,false,2024-08-25,2026-05-31,,2,114.84,engaged_30,false
AB-10376,jade.diaz376@example.com,Jade,Diaz,America/Chicago,true,2025-08-19,true,2025-09-03,false,2025-09-03,2026-02-19,,2,150.8,unengaged_12m,false
AB-10377,nora.lopez377@example.com,Nora,Lopez,America/Denver,true,2025-09-03,false,,false,2025-10-03,2025-09-05,,4,324.17,engaged_30,false
AB-10378,dana.ali378@example.com,Dana,Ali,America/New_York,true,2024-11-16,false,,false,2024-12-26,2026-03-20,,1,57.46,engaged_90,false
AB-10379,chloe.moreau379@example.com,Chloe,Moreau,America/Los_Angeles,true,2026-03-11,false,,false,2026-04-27,2024-12-23,,4,224.41,unengaged_12m,false
AB-10380,wren.braun380@example.com,Wren,Braun,America/New_York,true,2025-09-08,false,,true,2025-10-20,2025-05-14,2026-07-26,13,407.9,engaged_90,false
AB-10381,ruby.novak381@example.com,Ruby,Novak,America/Chicago,true,2025-04-21,false,,false,2025-06-02,2025-12-09,,1,67.42,engaged_30,false
AB-10382,sasha.haddad382@example.com,Sasha,Haddad,America/Los_Angeles,true,2026-01-27,false,,false,2026-01-31,2025-04-02,,1,87.06,unengaged_12m,false
AB-10383,maya.lopez383@example.com,Maya,Lopez,America/Los_Angeles,true,2025-09-03,false,,false,2025-10-16,2026-01-11,,1,53.63,engaged_30,false
AB-10384,iris.weber384@example.com,Iris,Weber,America/Chicago,true,2026-04-17,false,,false,2026-05-27,2025-11-03,,1,57.0,unengaged_12m,false
AB-10385,lena.braun385@example.com,Lena,Braun,America/Chicago,true,2024-08-09,false,,false,2024-09-12,2026-05-23,,1,55.25,engaged_365,false
AB-10386,tessa.lopez386@example.com,Tessa,Lopez,America/Chicago,true,2025-06-04,false,,false,2025-07-25,2026-03-21,,1,37.65,engaged_365,false
AB-10387,nora.okafor387@example.com,Nora,Okafor,America/Chicago,true,2026-01-04,false,,false,2026-02-10,2026-04-11,,1,64.75,engaged_90,false
AB-10388,cora.nguyen388@example.com,Cora,Nguyen,America/Denver,true,2025-02-19,true,2025-03-10,false,2025-03-10,2025-12-04,,1,40.13,engaged_90,false
AB-10389,june.braun389@example.com,June,Braun,America/New_York,true,2026-04-25,false,,false,2026-06-03,2026-02-21,,4,191.87,engaged_30,false
AB-10390,isla.fischer390@example.com,Isla,Fischer,America/Los_Angeles,true,2024-12-10,false,,false,2024-12-13,2026-01-01,,2,165.97,unengaged_12m,false
AB-10391,priya.diaz391@example.com,Priya,Diaz,America/New_York,true,2024-09-09,false,,false,2024-11-05,2026-02-05,,1,41.92,engaged_365,false
AB-10392,amara.moreau392@example.com,Amara,Moreau,America/New_York,true,2025-03-15,false,,false,2025-04-05,2026-07-25,,1,77.93,engaged_30,false
AB-10393,amara.sato393@example.com,Amara,Sato,America/Los_Angeles,true,2025-12-10,false,,false,2026-01-13,2025-02-12,,1,69.36,unengaged_12m,true
AB-10394,emma.okafor394@example.com,Emma,Okafor,America/Chicago,true,2024-09-15,false,,false,2024-11-03,2025-06-06,,1,104.41,unengaged_12m,false
AB-10395,maya.fischer395@example.com,Maya,Fischer,America/New_York,true,2025-03-07,true,2025-03-07,false,2025-03-07,2024-12-29,,3,186.96,engaged_90,false
AB-10396,olivia.moreau396@example.com,Olivia,Moreau,America/Chicago,true,2026-03-20,false,,false,2026-04-19,2026-08-03,,1,75.19,engaged_30,false
AB-10397,emma.fischer397@example.com,Emma,Fischer,America/New_York,true,2025-07-26,false,,false,2025-08-24,2025-05-31,,1,49.1,engaged_30,false
AB-10398,lena.moreau398@example.com,Lena,Moreau,America/Los_Angeles,true,2025-06-02,false,,false,2025-07-04,2025-01-22,,2,160.19,engaged_30,false
AB-10399,priya.haddad399@example.com,Priya,Haddad,America/New_York,true,2025-08-31,false,,false,2025-10-27,2025-06-29,,9,549.6,unengaged_12m,true
AB-10400,mara.silva400@example.com,Mara,Silva,America/Los_Angeles,true,2025-12-30,false,,false,2026-01-29,2026-06-18,,1,30.43,unengaged_12m,false
AB-10401,kate.rivera401@example.com,Kate,Rivera,America/Los_Angeles,true,2025-02-10,false,,false,2025-03-18,2026-06-06,,5,301.72,engaged_90,false
AB-10402,iris.okafor402@example.com,Iris,Okafor,America/Chicago,true,2025-04-13,false,,false,2025-05-29,2026-02-12,,2,67.72,engaged_365,false
AB-10403,dana.rivera403@example.com,Dana,Rivera,America/New_York,true,2025-01-08,false,,false,2025-01-29,2025-03-06,,1,58.26,engaged_30,false
AB-10404,nora.vega404@example.com,Nora,Vega,America/New_York,true,2025-10-16,false,,true,2025-11-11,2025-11-18,2026-07-15,8,594.91,engaged_90,false
AB-10405,amara.rivera405@example.com,Amara,Rivera,America/Los_Angeles,true,2026-03-21,false,,true,2026-04-12,2026-02-18,2026-07-23,13,903.59,engaged_30,false
AB-10406,chloe.ali406@example.com,Chloe,Ali,America/Los_Angeles,true,2025-08-29,false,,false,2025-10-19,2025-08-27,,1,39.0,engaged_365,false
AB-10407,amara.moreau407@example.com,Amara,Moreau,America/Los_Angeles,true,2024-11-14,false,,false,2024-12-02,2025-07-20,,1,61.1,engaged_90,false
AB-10408,wren.lopez408@example.com,Wren,Lopez,America/Los_Angeles,true,2025-03-13,true,2025-03-31,false,2025-03-31,2025-11-19,,2,181.03,engaged_365,false
AB-10409,kate.lopez409@example.com,Kate,Lopez,America/Denver,true,2025-08-14,true,2025-08-24,false,2025-08-24,2025-02-08,,1,40.31,engaged_90,false
AB-10410,lena.lopez410@example.com,Lena,Lopez,America/New_York,true,2025-07-26,false,,false,2025-07-28,2024-12-31,,1,80.61,engaged_90,false
AB-10411,gia.kim411@example.com,Gia,Kim,America/Chicago,true,2025-09-25,false,,false,2025-11-08,2026-01-15,,4,213.77,engaged_30,false
AB-10412,sasha.rossi412@example.com,Sasha,Rossi,America/New_York,true,2026-02-24,false,,true,2026-04-24,2025-12-05,2026-07-10,16,958.83,unengaged_12m,true
AB-10413,priya.braun413@example.com,Priya,Braun,America/Los_Angeles,true,2024-12-29,false,,false,2025-02-05,2024-12-28,,1,62.1,engaged_30,false
AB-10414,amara.sato414@example.com,Amara,Sato,America/Chicago,true,2024-12-29,false,,false,2025-02-14,2026-04-09,,1,81.9,engaged_90,false
AB-10415,dana.nguyen415@example.com,Dana,Nguyen,America/Denver,true,2025-11-21,false,,true,2025-12-10,2026-03-10,2026-07-24,6,228.37,engaged_90,false
AB-10416,nora.moreau416@example.com,Nora,Moreau,America/Chicago,true,2025-05-19,false,,false,2025-07-04,2025-06-26,,1,45.34,unengaged_12m,false
AB-10417,isla.braun417@example.com,Isla,Braun,America/New_York,true,2025-10-02,false,,false,2025-11-21,2025-01-19,,3,211.88,unengaged_12m,false
AB-10418,tessa.kim418@example.com,Tessa,Kim,America/New_York,true,2026-01-05,false,,false,2026-02-10,2025-02-27,,1,80.8,engaged_30,false
AB-10419,jade.diaz419@example.com,Jade,Diaz,America/New_York,true,2024-11-23,true,2024-12-09,false,2024-12-09,2026-02-24,,1,63.15,engaged_30,false
AB-10420,lena.diaz420@example.com,Lena,Diaz,America/Los_Angeles,true,2025-08-02,false,,true,2025-08-05,2025-11-15,2026-08-08,10,250,engaged_30,false
AB-10421,mara.vega421@example.com,Mara,Vega,America/New_York,true,2024-08-08,false,,false,2024-09-17,2025-09-12,,1,46.56,unengaged_12m,false
AB-10422,priya.ali422@example.com,Priya,Ali,America/Los_Angeles,true,2025-08-24,false,,false,2025-09-23,2025-06-05,,1,96.9,unengaged_12m,false
AB-10423,june.weber423@example.com,June,Weber,America/Los_Angeles,true,2025-12-23,false,,true,2026-01-29,2025-06-15,2026-07-22,10,522.38,unengaged_12m,false
AB-10424,kate.weber424@example.com,Kate,Weber,America/New_York,true,2025-06-27,false,,false,2025-07-07,2026-07-18,,3,127.44,engaged_30,false
AB-10425,nora.moreau425@example.com,Nora,Moreau,America/Los_Angeles,true,2026-03-18,true,2026-04-23,false,2026-04-23,2026-05-05,,1,59.42,engaged_90,false
AB-10426,priya.osei426@example.com,Priya,Osei,America/New_York,true,2025-01-20,false,,false,2025-01-23,2025-07-07,,3,222.5,engaged_30,false
AB-10427,nora.patel427@example.com,Nora,Patel,America/New_York,true,2024-12-09,false,,false,2025-01-20,2025-08-10,,4,276.07,engaged_30,false
AB-10428,jade.diaz428@example.com,Jade,Diaz,America/Chicago,true,2025-09-20,false,,false,2025-10-08,2025-04-30,,1,90.97,engaged_365,false
AB-10429,kate.braun429@example.com,Kate,Braun,America/New_York,true,2024-11-23,false,,false,2025-01-13,2025-02-04,,1,94.91,engaged_90,false
AB-10430,sofia.ali430@example.com,Sofia,Ali,America/New_York,true,2025-12-19,false,,false,2026-02-04,2025-04-17,,1,95.09,unengaged_12m,false
AB-10431,elle.diaz431@example.com,Elle,Diaz,America/Los_Angeles,true,2026-05-26,false,,false,2026-07-04,2026-08-03,,3,186.06,unengaged_12m,false
AB-10432,chloe.sato432@example.com,Chloe,Sato,America/Los_Angeles,true,2025-10-30,true,2025-10-31,false,2025-10-31,2025-11-14,,1,60.55,engaged_90,false
AB-10433,kate.lopez433@example.com,Kate,Lopez,America/Chicago,true,2024-10-06,false,,false,2024-10-24,2025-02-12,,3,132.51,unengaged_12m,false
AB-10434,cora.kim434@example.com,Cora,Kim,America/Los_Angeles,true,2025-08-20,true,2025-09-20,false,2025-09-20,2025-09-16,,1,43.01,unengaged_12m,false
AB-10435,maya.osei435@example.com,Maya,Osei,America/New_York,true,2025-09-23,true,2025-09-28,false,2025-09-28,2025-12-15,,1,67.47,unengaged_12m,false
AB-10436,ava.diaz436@example.com,Ava,Diaz,America/New_York,true,2025-02-10,true,2025-02-18,false,2025-02-18,2026-03-14,,13,402.43,engaged_90,false
AB-10437,wren.weber437@example.com,Wren,Weber,America/New_York,true,2025-11-27,false,,false,2025-12-29,2025-07-16,,4,276.84,engaged_30,false
AB-10438,emma.lopez438@example.com,Emma,Lopez,America/New_York,true,2025-10-29,false,,false,2025-11-02,2026-01-09,,2,163.13,unengaged_12m,false
AB-10439,mara.patel439@example.com,Mara,Patel,America/Los_Angeles,true,2026-04-07,false,,false,2026-05-31,2026-04-07,,3,198.54,engaged_365,false
AB-10440,kate.patel440@example.com,Kate,Patel,America/New_York,true,2024-07-11,false,,false,2024-08-30,2026-02-20,,1,81.33,engaged_90,false
AB-10441,june.silva441@example.com,June,Silva,America/New_York,true,2026-05-14,false,,false,2026-05-31,2026-03-05,,1,78.6,unengaged_12m,false
AB-10442,sofia.lopez442@example.com,Sofia,Lopez,America/New_York,true,2024-10-02,false,,true,2024-10-18,2026-04-10,2026-08-03,15,1165.28,engaged_30,false
AB-10443,jade.osei443@example.com,Jade,Osei,America/Los_Angeles,true,2025-04-12,false,,false,2025-04-20,2025-07-20,,2,136.43,engaged_30,false
AB-10444,olivia.moreau444@example.com,Olivia,Moreau,America/Los_Angeles,true,2025-03-13,false,,false,2025-04-21,2025-01-31,,1,41.86,engaged_365,false
AB-10445,gia.ali445@example.com,Gia,Ali,America/New_York,true,2024-12-06,false,,false,2024-12-23,2025-05-07,,1,56.46,engaged_365,false
AB-10446,lena.osei446@example.com,Lena,Osei,America/New_York,true,2024-09-11,false,,true,2024-09-28,2025-12-31,2026-07-25,7,563.91,engaged_365,false
AB-10447,mara.osei447@example.com,Mara,Osei,America/Los_Angeles,true,2024-12-27,false,,false,2025-02-19,2025-10-25,,3,135.61,engaged_30,false
AB-10448,kate.nguyen448@example.com,Kate,Nguyen,America/New_York,true,2026-04-20,false,,false,2026-05-06,2026-04-23,,1,72.44,engaged_30,false
AB-10449,emma.chen449@example.com,Emma,Chen,America/Chicago,true,2024-09-08,false,,false,2024-09-08,2026-06-21,,1,57.7,unengaged_12m,false
AB-10450,sasha.okafor450@example.com,Sasha,Okafor,America/New_York,true,2024-07-25,false,,false,2024-09-10,2025-01-16,,1,67.66,unengaged_12m,true
AB-10451,cora.rossi451@example.com,Cora,Rossi,America/Los_Angeles,true,2024-10-13,false,,true,2024-10-20,2026-02-23,2026-08-05,5,286.54,unengaged_12m,false
AB-10452,emma.silva452@example.com,Emma,Silva,America/Denver,true,2025-11-23,false,,false,2025-12-31,2025-01-16,,1,49.08,unengaged_12m,false
AB-10453,emma.braun453@example.com,Emma,Braun,America/New_York,true,2024-08-20,false,,false,2024-08-31,2026-02-07,,1,42.5,engaged_30,false
AB-10454,amara.nguyen454@example.com,Amara,Nguyen,America/Denver,true,2024-09-09,false,,false,2024-11-06,2025-07-26,,1,52.61,unengaged_12m,false
AB-10455,kate.sato455@example.com,Kate,Sato,America/Los_Angeles,true,2025-10-03,false,,false,2025-11-09,2025-01-24,,1,74.54,engaged_30,false
AB-10456,lena.rossi456@example.com,Lena,Rossi,America/Los_Angeles,true,2025-04-16,false,,false,2025-06-02,2026-03-25,,1,76.38,engaged_30,false
AB-10457,ruby.rivera457@example.com,Ruby,Rivera,America/New_York,true,2025-08-16,false,,false,2025-08-25,2025-11-01,,1,65.18,unengaged_12m,false
AB-10458,amara.osei458@example.com,Amara,Osei,America/Chicago,true,2026-02-25,false,,false,2026-04-08,2024-12-22,,1,55.95,engaged_90,false
AB-10459,lena.patel459@example.com,Lena,Patel,America/New_York,true,2025-11-05,false,,false,2025-12-03,2026-02-14,,2,139.48,unengaged_12m,false
AB-10460,elle.braun460@example.com,Elle,Braun,America/Los_Angeles,true,2024-09-01,false,,true,2024-09-24,2025-11-12,2026-07-13,14,545.37,engaged_90,false
AB-10461,emma.lopez461@example.com,Emma,Lopez,America/Los_Angeles,true,2026-05-12,false,,false,2026-07-02,2025-02-20,,2,166.45,unengaged_12m,true
AB-10462,noemi.braun462@example.com,Noemi,Braun,America/New_York,true,2025-11-18,false,,false,2025-11-29,2024-12-29,,1,33.36,unengaged_12m,false
AB-10463,nora.sato463@example.com,Nora,Sato,America/New_York,true,2026-02-12,false,,false,2026-02-28,2026-06-21,,1,25,engaged_365,false
AB-10464,lena.okafor464@example.com,Lena,Okafor,America/New_York,true,2026-01-11,false,,false,2026-03-02,2025-01-02,,3,150.37,engaged_90,false
AB-10465,sasha.fischer465@example.com,Sasha,Fischer,America/New_York,true,2025-03-16,false,,true,2025-04-29,2025-11-09,2026-07-14,14,888.02,engaged_90,false
AB-10466,chloe.nguyen466@example.com,Chloe,Nguyen,America/New_York,true,2025-08-20,true,2025-09-04,false,2025-09-04,2025-05-16,,1,42.4,unengaged_12m,false
AB-10467,nora.kim467@example.com,Nora,Kim,America/Denver,true,2026-03-17,false,,false,2026-04-17,2026-03-12,,1,89.07,engaged_30,false
AB-10468,ruby.rivera468@example.com,Ruby,Rivera,America/New_York,true,2025-08-24,false,,false,2025-09-04,2026-01-14,,1,74.2,engaged_365,false
AB-10469,wren.moreau469@example.com,Wren,Moreau,America/Chicago,true,2025-12-30,true,2026-02-19,false,2026-02-19,2025-02-17,,2,127.51,unengaged_12m,false
AB-10470,isla.chen470@example.com,Isla,Chen,America/New_York,true,2024-09-16,false,,false,2024-10-19,2025-11-06,,1,25,engaged_30,false
AB-10471,mara.rossi471@example.com,Mara,Rossi,America/Los_Angeles,true,2024-07-24,false,,true,2024-09-17,2026-01-03,2026-08-03,11,786.2,engaged_365,false
AB-10472,sasha.osei472@example.com,Sasha,Osei,America/New_York,true,2025-03-30,false,,false,2025-04-01,2025-03-27,,1,60.8,unengaged_12m,false
AB-10473,isla.rivera473@example.com,Isla,Rivera,America/New_York,true,2024-09-20,false,,false,2024-10-11,2025-11-01,,1,57.01,unengaged_12m,false
AB-10474,kate.moreau474@example.com,Kate,Moreau,America/Los_Angeles,true,2026-06-08,false,,false,2026-06-13,2025-07-04,,6,445.31,engaged_90,false
AB-10475,sofia.weber475@example.com,Sofia,Weber,America/Chicago,true,2024-10-02,false,,false,2024-10-11,2025-01-01,,2,115.91,engaged_90,false
AB-10476,ruby.vega476@example.com,Ruby,Vega,America/New_York,true,2025-11-06,false,,false,2025-12-14,2026-03-22,,2,76.28,engaged_30,false
AB-10477,elle.fischer477@example.com,Elle,Fischer,America/Los_Angeles,true,2025-12-18,false,,false,2026-02-15,2026-03-02,,2,97.36,engaged_365,false
AB-10478,noemi.osei478@example.com,Noemi,Osei,America/Los_Angeles,true,2025-07-01,false,,true,2025-08-22,2026-01-09,2026-07-14,10,576.01,engaged_90,false
AB-10479,kate.moreau479@example.com,Kate,Moreau,America/New_York,true,2026-02-20,false,,false,2026-03-01,2025-11-10,,1,31.66,unengaged_12m,false
AB-10480,sasha.lopez480@example.com,Sasha,Lopez,America/Chicago,true,2026-04-25,false,,false,2026-06-17,2025-04-17,,1,54.24,engaged_365,false
AB-10481,iris.haddad481@example.com,Iris,Haddad,America/Los_Angeles,true,2026-01-23,false,,false,2026-02-23,2025-06-18,,1,43.05,engaged_30,false
AB-10482,ava.moreau482@example.com,Ava,Moreau,America/Los_Angeles,true,2024-07-08,false,,false,2024-08-25,2025-03-27,,9,560.93,engaged_30,false
AB-10483,dana.lopez483@example.com,Dana,Lopez,America/New_York,true,2024-10-03,false,,false,2024-10-29,2025-09-24,,2,110.7,engaged_90,false
AB-10484,gia.braun484@example.com,Gia,Braun,America/Chicago,true,2026-04-16,false,,false,2026-06-04,2025-12-02,,1,29.83,engaged_30,false
AB-10485,tessa.chen485@example.com,Tessa,Chen,America/Chicago,true,2024-09-12,false,,false,2024-10-06,2025-05-17,,7,504.66,engaged_365,false
AB-10486,ruby.patel486@example.com,Ruby,Patel,America/Chicago,true,2024-10-09,true,2024-10-24,false,2024-10-24,2025-05-05,,5,238.27,engaged_365,false
AB-10487,amara.silva487@example.com,Amara,Silva,America/New_York,true,2024-11-19,true,2024-12-31,false,2024-12-31,2025-05-06,,1,25.8,engaged_90,false
AB-10488,dana.braun488@example.com,Dana,Braun,America/Los_Angeles,true,2025-03-07,false,,false,2025-04-04,2026-04-06,,1,50.32,unengaged_12m,true
AB-10489,elle.ali489@example.com,Elle,Ali,America/Chicago,true,2025-04-30,false,,true,2025-06-15,2026-05-22,2026-07-16,14,1193.68,unengaged_12m,false
AB-10490,jade.braun490@example.com,Jade,Braun,America/Los_Angeles,true,2025-12-19,false,,false,2026-01-28,2025-09-28,,4,297.1,engaged_90,false
AB-10491,dana.patel491@example.com,Dana,Patel,America/Chicago,true,2026-02-19,false,,true,2026-03-01,2025-10-02,2026-07-11,11,963.74,engaged_30,false
AB-10492,noemi.rivera492@example.com,Noemi,Rivera,America/Chicago,true,2025-11-20,false,,false,2025-12-03,2026-08-04,,1,43.72,engaged_30,false
AB-10493,noemi.moreau493@example.com,Noemi,Moreau,America/Chicago,true,2025-11-07,true,2025-12-13,false,2025-12-13,2025-08-18,,1,64.81,engaged_30,false
AB-10494,maya.braun494@example.com,Maya,Braun,America/Los_Angeles,true,2026-02-28,false,,false,2026-04-15,2025-01-01,,1,52.22,unengaged_12m,false
AB-10495,isla.ali495@example.com,Isla,Ali,America/Los_Angeles,true,2026-04-15,false,,false,2026-06-07,2025-07-29,,1,67.62,engaged_90,false
AB-10496,sofia.sato496@example.com,Sofia,Sato,America/Los_Angeles,true,2025-02-24,true,2025-03-18,true,2025-03-18,2025-08-04,2026-07-27,9,478.07,engaged_30,false
AB-10497,june.fischer497@example.com,June,Fischer,America/Phoenix,true,2024-10-29,false,,false,2024-11-01,2025-09-20,,5,391.73,unengaged_12m,false
AB-10498,june.vega498@example.com,June,Vega,America/New_York,true,2024-11-03,false,,false,2024-12-14,2025-12-15,,1,59.25,unengaged_12m,false
AB-10499,chloe.rivera499@example.com,Chloe,Rivera,America/New_York,true,2026-02-27,false,,false,2026-03-15,2025-06-12,,2,82.11,engaged_30,false
