profile_id,email,first_name,last_name,timezone,account_type,is_gift_purchaser_2025Q4,first_order_date,last_order_date,orders_count,ltv_usd,engagement_tier,sms_consent,created_source
MT-20000,sam.haas20000@example.com,Sam,Haas,America/Chicago,consumer,false,2022-08-18,2024-04-18,1,250.35,unengaged_12m,false,checkout
MT-20001,marcus.ramirez20001@example.com,Marcus,Ramirez,America/Los_Angeles,consumer,false,2023-09-06,2026-06-08,1,174.85,engaged_90,false,checkout
MT-20002,nina.nowak20002@example.com,Nina,Nowak,America/Los_Angeles,consumer,false,2025-09-06,2024-04-21,1,232.39,engaged_365,false,checkout
MT-20003,marcus.nowak20003@example.com,Marcus,Nowak,America/Los_Angeles,consumer,false,2025-02-23,2024-10-02,1,322.4,engaged_365,false,checkout
MT-20004,harper.duval20004@example.com,Harper,Duval,America/New_York,consumer,false,2022-07-30,2024-03-11,1,104.05,engaged_365,false,checkout
MT-20005,jordan.sy20005@example.com,Jordan,Sy,America/Los_Angeles,consumer,false,2023-04-25,2025-07-02,3,614.63,engaged_90,false,checkout
MT-20006,nina.kowalski20006@example.com,Nina,Kowalski,America/New_York,consumer,false,2025-11-16,2026-08-07,1,368.56,engaged_365,false,checkout
MT-20007,yuki.ramirez20007@example.com,Yuki,Ramirez,America/New_York,consumer,false,2022-11-22,2025-11-22,1,354.06,engaged_365,false,checkout
MT-20008,casey.petrov20008@example.com,Casey,Petrov,America/Phoenix,consumer,false,2024-07-12,2024-07-10,1,316.87,unengaged_12m,false,checkout
MT-20009,alex.torres20009@example.com,Alex,Torres,America/Los_Angeles,consumer,false,2023-05-28,2026-07-11,1,304.09,engaged_90,false,checkout
MT-20010,sam.haas20010@example.com,Sam,Haas,America/Chicago,consumer,false,2023-08-19,2025-09-04,1,302.0,engaged_365,false,checkout
MT-20011,devon.macleod20011@example.com,Devon,MacLeod,America/Los_Angeles,consumer,false,2023-07-19,2025-03-21,1,383.46,engaged_30,true,checkout
MT-20012,harper.petrov20012@example.com,Harper,Petrov,America/New_York,consumer,true,2024-06-28,2025-12-04,4,428.48,engaged_90,false,checkout
MT-20013,devon.petrov20013@example.com,Devon,Petrov,America/Denver,consumer,false,2023-10-06,2024-10-08,2,692.48,engaged_365,false,checkout
MT-20014,casey.nowak20014@example.com,Casey,Nowak,America/Los_Angeles,consumer,false,2024-08-02,2026-05-11,1,346.28,unengaged_12m,false,checkout
MT-20015,nina.ito20015@example.com,Nina,Ito,America/Los_Angeles,consumer,false,2025-08-08,2024-12-11,1,412.15,unengaged_12m,false,checkout
MT-20016,yuki.petrov20016@example.com,Yuki,Petrov,America/Denver,consumer,false,2022-10-22,2026-04-24,1,294.21,unengaged_12m,false,checkout
MT-20017,devon.torres20017@example.com,Devon,Torres,America/New_York,consumer,false,2023-02-28,2025-09-08,1,294.94,engaged_90,false,checkout
MT-20018,marcus.sy20018@example.com,Marcus,Sy,America/Denver,consumer,false,2025-09-19,2025-02-09,1,361.48,engaged_365,false,checkout
MT-20019,riley.ferris20019@example.com,Riley,Ferris,America/New_York,consumer,false,2023-10-18,2024-11-12,1,139.76,engaged_365,false,checkout
MT-20020,ingrid.lang20020@example.com,Ingrid,Lang,America/Chicago,consumer,false,2024-11-23,2026-06-25,1,228.82,engaged_365,false,checkout
MT-20021,sam.sy20021@example.com,Sam,Sy,America/New_York,consumer,false,2025-05-01,2024-08-28,1,262.63,engaged_365,false,checkout
MT-20022,ingrid.macleod20022@example.com,Ingrid,MacLeod,America/Los_Angeles,consumer,false,2025-04-25,2024-03-30,4,1115.32,engaged_90,false,checkout
MT-20023,elena.ito20023@example.com,Elena,Ito,America/Los_Angeles,consumer,true,2024-10-01,2025-12-05,1,387.26,unengaged_12m,false,checkout
MT-20024,marcus.achebe20024@example.com,Marcus,Achebe,America/New_York,consumer,false,2023-09-20,2026-02-22,1,284.26,unengaged_12m,false,checkout
MT-20025,theo.lang20025@example.com,Theo,Lang,America/New_York,consumer,false,2025-12-07,2024-07-29,1,249.44,engaged_90,false,checkout
MT-20026,alex.nowak20026@example.com,Alex,Nowak,America/New_York,consumer,true,2025-03-02,2025-12-09,1,498.33,engaged_30,false,checkout
MT-20027,harper.achebe20027@example.com,Harper,Achebe,America/Los_Angeles,consumer,false,2024-12-31,2025-06-18,1,376.19,unengaged_12m,false,checkout
MT-20028,elena.ito20028@example.com,Elena,Ito,America/New_York,consumer,true,2026-05-10,2025-12-09,1,335.1,engaged_30,false,checkout
MT-20029,sam.haas20029@example.com,Sam,Haas,America/Los_Angeles,consumer,false,2023-05-08,2025-06-06,1,246.28,engaged_90,false,checkout
MT-20030,ingrid.macleod20030@example.com,Ingrid,MacLeod,America/Los_Angeles,consumer,false,2022-12-04,2025-09-29,1,362.82,engaged_30,false,checkout
MT-20031,riley.haas20031@example.com,Riley,Haas,America/New_York,wholesale,false,2026-03-30,2026-07-23,20,7885.22,engaged_365,false,checkout
MT-20032,ingrid.petrov20032@example.com,Ingrid,Petrov,America/New_York,consumer,false,2023-05-22,2024-04-05,1,216.32,unengaged_12m,false,checkout
MT-20033,devon.macleod20033@example.com,Devon,MacLeod,America/New_York,consumer,false,2022-11-19,2026-03-17,1,190.34,engaged_90,true,checkout
MT-20034,morgan.ramirez20034@example.com,Morgan,Ramirez,America/New_York,consumer,false,2024-04-24,2024-02-28,1,302.43,unengaged_12m,false,checkout
MT-20035,rowan.kowalski20035@example.com,Rowan,Kowalski,America/Chicago,consumer,false,2024-12-21,2025-07-31,1,313.74,unengaged_12m,false,checkout
MT-20036,quinn.kowalski20036@example.com,Quinn,Kowalski,America/Los_Angeles,consumer,false,2023-10-15,2025-10-26,1,363.44,engaged_30,false,checkout
MT-20037,alex.ito20037@example.com,Alex,Ito,America/New_York,consumer,true,2026-03-20,2025-12-10,1,285.53,engaged_365,true,checkout
MT-20038,ingrid.achebe20038@example.com,Ingrid,Achebe,America/Denver,consumer,false,2023-09-05,2026-03-07,3,691.11,engaged_365,false,checkout
MT-20039,ingrid.grant20039@example.com,Ingrid,Grant,America/Los_Angeles,consumer,false,2023-07-07,2024-06-28,1,330.47,unengaged_12m,false,checkout
MT-20040,dana.macleod20040@example.com,Dana,MacLeod,America/New_York,consumer,true,2023-12-02,2025-12-01,1,360.27,engaged_365,false,checkout
MT-20041,omar.haas20041@example.com,Omar,Haas,America/New_York,consumer,true,2023-08-18,2025-12-17,2,530.86,engaged_30,false,checkout
MT-20042,harper.ito20042@example.com,Harper,Ito,America/Los_Angeles,consumer,false,2023-11-14,2025-03-20,2,597.99,engaged_30,false,checkout
MT-20043,rowan.kowalski20043@example.com,Rowan,Kowalski,America/Denver,consumer,false,2025-08-16,2025-09-02,1,400.06,unengaged_12m,false,checkout
MT-20044,dana.achebe20044@example.com,Dana,Achebe,America/New_York,consumer,false,2022-08-30,2025-03-24,1,227.2,engaged_365,false,checkout
MT-20045,leah.bennett20045@example.com,Leah,Bennett,America/Phoenix,consumer,true,2025-12-20,2025-12-15,1,176.65,engaged_30,false,checkout
MT-20046,leah.haas20046@example.com,Leah,Haas,America/New_York,consumer,false,2023-07-06,2025-11-12,4,1264.2,engaged_30,false,checkout
MT-20047,ingrid.haas20047@example.com,Ingrid,Haas,America/Los_Angeles,consumer,true,2023-09-22,2025-12-01,1,300.73,unengaged_12m,false,checkout
MT-20048,nina.duval20048@example.com,Nina,Duval,America/Los_Angeles,consumer,false,2024-08-18,2024-06-30,1,337.04,engaged_90,false,checkout
MT-20049,devon.ramirez20049@example.com,Devon,Ramirez,America/Los_Angeles,consumer,false,2024-03-31,2025-07-04,1,334.43,engaged_365,false,checkout
MT-20050,theo.haas20050@example.com,Theo,Haas,America/Los_Angeles,consumer,false,2025-08-13,2025-11-25,1,225.34,engaged_365,false,checkout
MT-20051,marcus.grant20051@example.com,Marcus,Grant,America/Los_Angeles,consumer,false,2023-05-06,2025-01-22,1,188.36,engaged_30,false,checkout
MT-20052,theo.sy20052@example.com,Theo,Sy,America/Denver,consumer,false,2023-05-14,2026-03-30,3,328.15,engaged_90,false,checkout
MT-20053,harper.haas20053@example.com,Harper,Haas,America/New_York,consumer,true,2022-09-13,2025-12-21,1,300.96,engaged_30,false,checkout
MT-20054,omar.mbeki20054@example.com,Omar,Mbeki,America/New_York,consumer,true,2025-05-15,2025-12-11,8,1946.25,engaged_365,false,checkout
MT-20055,marcus.haas20055@example.com,Marcus,Haas,America/Los_Angeles,consumer,false,2024-02-19,2025-07-11,1,298.57,engaged_365,false,checkout
MT-20056,elena.kowalski20056@example.com,Elena,Kowalski,America/Chicago,consumer,false,2025-03-28,2026-05-05,1,247.0,engaged_90,false,checkout
MT-20057,leah.grant20057@example.com,Leah,Grant,America/Los_Angeles,consumer,true,2026-04-30,2025-12-16,3,583.36,unengaged_12m,false,checkout
MT-20058,sam.nowak20058@example.com,Sam,Nowak,America/Los_Angeles,consumer,false,2025-11-02,2025-12-21,1,199.4,engaged_365,false,checkout
MT-20059,leah.ito20059@example.com,Leah,Ito,America/Chicago,consumer,false,2025-02-22,2025-01-01,2,604.72,engaged_365,false,checkout
MT-20060,morgan.haas20060@example.com,Morgan,Haas,America/Chicago,consumer,false,2023-03-08,2026-01-23,2,679.68,engaged_90,false,checkout
MT-20061,alex.mbeki20061@example.com,Alex,Mbeki,America/New_York,consumer,false,2022-11-01,2024-03-31,4,1298.21,engaged_365,false,checkout
MT-20062,quinn.ramirez20062@example.com,Quinn,Ramirez,America/Los_Angeles,consumer,false,2022-09-01,2024-10-14,1,378.08,engaged_90,false,checkout
MT-20063,marcus.macleod20063@example.com,Marcus,MacLeod,America/Chicago,consumer,false,2024-06-01,2024-09-08,1,297.82,engaged_30,false,checkout
MT-20064,ingrid.ito20064@example.com,Ingrid,Ito,America/New_York,consumer,false,2025-03-17,2025-11-09,1,309.68,engaged_90,false,checkout
MT-20065,omar.ferris20065@example.com,Omar,Ferris,America/New_York,consumer,false,2022-09-20,2026-06-11,1,232.56,engaged_30,false,checkout
MT-20066,devon.ramirez20066@example.com,Devon,Ramirez,America/Phoenix,consumer,true,2024-09-08,2025-12-03,1,359.34,unengaged_12m,false,checkout
MT-20067,riley.lang20067@example.com,Riley,Lang,America/Los_Angeles,consumer,false,2024-04-29,2024-03-31,1,314.51,engaged_90,false,checkout
MT-20068,alex.ito20068@example.com,Alex,Ito,America/New_York,consumer,false,2025-04-15,2025-07-14,4,1728.82,unengaged_12m,false,checkout
MT-20069,theo.ito20069@example.com,Theo,Ito,America/New_York,consumer,false,2023-12-12,2026-01-22,1,429.84,unengaged_12m,false,checkout
MT-20070,theo.macleod20070@example.com,Theo,MacLeod,America/Los_Angeles,consumer,false,2026-02-07,2025-11-17,1,313.07,engaged_30,false,checkout
MT-20071,marcus.haas20071@example.com,Marcus,Haas,America/New_York,consumer,false,2022-08-01,2025-09-17,1,291.25,engaged_90,false,checkout
MT-20072,yuki.ito20072@example.com,Yuki,Ito,America/New_York,consumer,false,2024-04-13,2024-05-21,1,476.19,engaged_365,false,checkout
MT-20073,omar.lindqvist20073@example.com,Omar,Lindqvist,America/New_York,consumer,false,2022-07-27,2024-06-07,1,231.76,engaged_90,false,checkout
MT-20074,leah.reyes20074@example.com,Leah,Reyes,America/Los_Angeles,consumer,false,2024-02-29,2026-06-02,1,248.29,engaged_365,false,checkout
MT-20075,riley.grant20075@example.com,Riley,Grant,America/Los_Angeles,consumer,true,2025-12-23,2025-12-16,1,314.72,unengaged_12m,false,checkout
MT-20076,riley.macleod20076@example.com,Riley,MacLeod,America/New_York,consumer,true,2022-09-22,2025-12-10,3,883.22,engaged_90,false,checkout
MT-20077,marcus.haas20077@example.com,Marcus,Haas,America/Los_Angeles,consumer,false,2025-01-27,2025-12-09,1,384.05,unengaged_12m,false,checkout
MT-20078,elena.ito20078@example.com,Elena,Ito,America/New_York,consumer,false,2022-10-14,2025-04-19,1,301.98,engaged_30,false,checkout
MT-20079,quinn.sy20079@example.com,Quinn,Sy,America/Los_Angeles,consumer,false,2025-10-12,2026-06-17,1,429.45,unengaged_12m,false,checkout
MT-20080,sam.reyes20080@example.com,Sam,Reyes,America/Chicago,consumer,false,2026-06-01,2026-04-21,1,303.5,unengaged_12m,false,checkout
MT-20081,jordan.reyes20081@example.com,Jordan,Reyes,America/New_York,consumer,false,2026-03-27,2024-12-02,13,2186.35,unengaged_12m,false,checkout
MT-20082,elena.grant20082@example.com,Elena,Grant,America/Los_Angeles,consumer,true,2023-05-18,2025-12-04,1,326.12,unengaged_12m,false,checkout
MT-20083,morgan.mbeki20083@example.com,Morgan,Mbeki,America/New_York,consumer,false,2024-02-25,2025-10-21,1,421.42,engaged_90,true,checkout
MT-20084,dana.reyes20084@example.com,Dana,Reyes,America/New_York,wholesale,false,2025-05-06,2025-07-03,36,12529.15,engaged_30,true,checkout
MT-20085,riley.grant20085@example.com,Riley,Grant,America/New_York,consumer,false,2024-05-28,2025-04-23,1,283.38,engaged_30,true,checkout
MT-20086,morgan.nowak20086@example.com,Morgan,Nowak,America/New_York,consumer,false,2024-11-10,2026-02-23,1,240.09,unengaged_12m,false,checkout
MT-20087,omar.torres20087@example.com,Omar,Torres,America/New_York,consumer,true,2023-09-29,2025-12-21,1,283.74,engaged_90,false,checkout
MT-20088,yuki.lindqvist20088@example.com,Yuki,Lindqvist,America/Denver,consumer,false,2023-10-19,2026-02-01,1,245.29,engaged_30,false,checkout
MT-20089,riley.nowak20089@example.com,Riley,Nowak,America/New_York,consumer,false,2025-05-15,2026-06-26,5,1250.55,unengaged_12m,false,checkout
MT-20090,elena.bennett20090@example.com,Elena,Bennett,America/New_York,consumer,false,2024-09-20,2024-12-19,2,610.65,engaged_90,false,checkout
MT-20091,ingrid.sy20091@example.com,Ingrid,Sy,America/New_York,wholesale,false,2023-11-04,2025-12-10,27,6831.4,engaged_365,false,checkout
MT-20092,riley.petrov20092@example.com,Riley,Petrov,America/New_York,consumer,false,2023-08-16,2025-03-03,1,189.52,engaged_30,false,checkout
MT-20093,elena.lang20093@example.com,Elena,Lang,America/New_York,consumer,true,2022-10-16,2025-12-03,3,1178.54,unengaged_12m,false,checkout
MT-20094,casey.torres20094@example.com,Casey,Torres,America/New_York,consumer,false,2022-08-08,2024-05-22,1,338.25,engaged_90,false,checkout
MT-20095,yuki.haas20095@example.com,Yuki,Haas,America/New_York,consumer,false,2023-11-22,2026-03-13,1,152.91,unengaged_12m,false,checkout
MT-20096,dana.haas20096@example.com,Dana,Haas,America/Denver,consumer,false,2022-11-18,2025-10-27,1,310.64,unengaged_12m,false,checkout
MT-20097,harper.bennett20097@example.com,Harper,Bennett,America/Los_Angeles,consumer,false,2023-11-29,2025-01-16,2,724.34,unengaged_12m,false,checkout
MT-20098,harper.mbeki20098@example.com,Harper,Mbeki,America/Denver,consumer,false,2023-03-19,2026-03-11,2,524.8,unengaged_12m,false,checkout
MT-20099,riley.ferris20099@example.com,Riley,Ferris,America/Los_Angeles,consumer,false,2025-01-10,2025-09-24,2,1056.17,unengaged_12m,false,checkout
MT-20100,elena.ramirez20100@example.com,Elena,Ramirez,America/Los_Angeles,consumer,true,2024-05-29,2025-12-08,1,226.4,engaged_365,true,checkout
MT-20101,jordan.ramirez20101@example.com,Jordan,Ramirez,America/Chicago,consumer,false,2023-06-16,2025-12-21,1,225.94,engaged_90,false,checkout
MT-20102,marcus.ferris20102@example.com,Marcus,Ferris,America/Los_Angeles,consumer,true,2023-12-03,2025-12-05,1,324.89,unengaged_12m,false,checkout
MT-20103,nina.haas20103@example.com,Nina,Haas,America/Los_Angeles,consumer,false,2024-06-26,2024-12-07,2,332.15,engaged_365,false,checkout
MT-20104,omar.macleod20104@example.com,Omar,MacLeod,America/New_York,wholesale,false,2025-02-12,2026-02-25,13,3509.64,unengaged_12m,true,checkout
MT-20105,felix.torres20105@example.com,Felix,Torres,America/New_York,consumer,false,2023-08-10,2024-10-13,1,268.93,unengaged_12m,false,checkout
MT-20106,rowan.ito20106@example.com,Rowan,Ito,America/New_York,consumer,false,2026-05-31,2025-07-19,3,933.27,unengaged_12m,false,checkout
MT-20107,leah.lindqvist20107@example.com,Leah,Lindqvist,America/New_York,consumer,false,2026-03-26,2026-04-03,1,160.88,unengaged_12m,false,checkout
MT-20108,harper.kowalski20108@example.com,Harper,Kowalski,America/New_York,consumer,false,2024-12-17,2025-10-09,1,308.3,unengaged_12m,false,checkout
MT-20109,ingrid.ramirez20109@example.com,Ingrid,Ramirez,America/New_York,consumer,false,2025-04-24,2026-02-25,2,380.91,engaged_90,false,checkout
MT-20110,elena.ferris20110@example.com,Elena,Ferris,America/New_York,consumer,false,2023-06-11,2025-04-14,1,243.4,engaged_365,true,checkout
MT-20111,alex.grant20111@example.com,Alex,Grant,America/Los_Angeles,consumer,false,2025-04-05,2025-07-03,3,522.59,engaged_30,false,checkout
MT-20112,morgan.kowalski20112@example.com,Morgan,Kowalski,America/New_York,consumer,true,2026-04-16,2025-12-21,3,780.48,engaged_365,false,checkout
MT-20113,jordan.ito20113@example.com,Jordan,Ito,America/Los_Angeles,consumer,true,2023-06-16,2025-12-13,1,321.62,engaged_30,false,checkout
MT-20114,casey.kowalski20114@example.com,Casey,Kowalski,America/New_York,consumer,false,2022-11-28,2024-10-29,2,371.26,engaged_30,false,checkout
MT-20115,devon.duval20115@example.com,Devon,Duval,America/New_York,consumer,true,2025-01-04,2025-12-12,1,173.46,unengaged_12m,false,checkout
MT-20116,yuki.lang20116@example.com,Yuki,Lang,America/Chicago,consumer,true,2023-07-17,2025-12-16,2,579.79,unengaged_12m,false,checkout
MT-20117,devon.ito20117@example.com,Devon,Ito,America/Chicago,consumer,false,2023-07-07,2026-01-13,1,265.45,unengaged_12m,true,checkout
MT-20118,marcus.petrov20118@example.com,Marcus,Petrov,America/New_York,consumer,false,2023-07-24,2025-11-14,2,779.86,engaged_30,false,checkout
MT-20119,quinn.petrov20119@example.com,Quinn,Petrov,America/New_York,consumer,false,2023-09-13,2024-05-23,2,526.07,engaged_365,false,checkout
MT-20120,elena.reyes20120@example.com,Elena,Reyes,America/New_York,consumer,false,2022-10-30,2026-07-13,3,847.45,engaged_90,false,checkout
MT-20121,felix.lang20121@example.com,Felix,Lang,America/New_York,consumer,false,2023-11-13,2026-03-31,1,201.25,unengaged_12m,false,checkout
MT-20122,jordan.reyes20122@example.com,Jordan,Reyes,America/Chicago,consumer,false,2024-08-20,2026-02-15,3,564.87,unengaged_12m,false,checkout
MT-20123,quinn.achebe20123@example.com,Quinn,Achebe,America/New_York,consumer,false,2023-08-09,2026-01-23,1,316.22,unengaged_12m,false,checkout
MT-20124,yuki.achebe20124@example.com,Yuki,Achebe,America/Los_Angeles,consumer,false,2025-02-15,2025-09-06,1,225.87,engaged_90,false,checkout
MT-20125,casey.lindqvist20125@example.com,Casey,Lindqvist,America/Los_Angeles,consumer,false,2025-08-14,2024-05-16,1,240.38,engaged_90,false,checkout
MT-20126,casey.bennett20126@example.com,Casey,Bennett,America/New_York,consumer,false,2024-01-01,2024-08-27,1,441.54,unengaged_12m,false,checkout
MT-20127,alex.achebe20127@example.com,Alex,Achebe,America/New_York,consumer,false,2025-02-02,2024-03-17,1,297.44,engaged_365,false,checkout
MT-20128,theo.macleod20128@example.com,Theo,MacLeod,America/Denver,consumer,false,2025-03-02,2024-09-11,3,655.07,engaged_30,false,checkout
MT-20129,harper.bennett20129@example.com,Harper,Bennett,America/Los_Angeles,consumer,false,2022-12-02,2026-02-28,1,202.67,engaged_365,false,checkout
MT-20130,yuki.grant20130@example.com,Yuki,Grant,America/Chicago,consumer,false,2026-05-23,2025-07-05,3,1023.68,unengaged_12m,false,checkout
MT-20131,harper.mbeki20131@example.com,Harper,Mbeki,America/New_York,consumer,false,2025-04-30,2025-02-22,4,964.39,unengaged_12m,false,checkout
MT-20132,devon.petrov20132@example.com,Devon,Petrov,America/Chicago,consumer,false,2023-11-21,2026-01-04,2,407.07,engaged_30,false,checkout
MT-20133,casey.ferris20133@example.com,Casey,Ferris,America/New_York,consumer,true,2024-03-17,2025-12-14,1,273.83,unengaged_12m,false,checkout
MT-20134,marcus.costa20134@example.com,Marcus,Costa,America/New_York,consumer,false,2025-03-22,2024-05-09,2,752.02,engaged_365,false,checkout
MT-20135,sam.torres20135@example.com,Sam,Torres,America/Chicago,consumer,false,2025-08-18,2025-08-11,1,248.92,unengaged_12m,false,checkout
MT-20136,theo.sy20136@example.com,Theo,Sy,America/Phoenix,consumer,false,2025-02-27,2025-11-07,1,301.79,unengaged_12m,false,checkout
MT-20137,riley.petrov20137@example.com,Riley,Petrov,America/New_York,consumer,false,2025-01-28,2024-10-06,1,196.51,engaged_365,false,checkout
MT-20138,sam.reyes20138@example.com,Sam,Reyes,America/New_York,consumer,false,2024-08-18,2024-05-27,1,373.7,engaged_365,false,checkout
MT-20139,dana.ramirez20139@example.com,Dana,Ramirez,America/Denver,consumer,false,2024-10-21,2025-11-24,1,337.67,engaged_365,false,checkout
MT-20140,riley.sy20140@example.com,Riley,Sy,America/New_York,consumer,false,2022-08-04,2024-11-23,3,892.67,engaged_30,false,checkout
MT-20141,felix.duval20141@example.com,Felix,Duval,America/New_York,consumer,false,2023-12-28,2024-09-19,1,238.15,engaged_365,false,checkout
MT-20142,quinn.achebe20142@example.com,Quinn,Achebe,America/Chicago,consumer,false,2025-01-25,2025-03-15,1,387.94,engaged_365,false,checkout
MT-20143,riley.okada20143@example.com,Riley,Okada,America/Chicago,consumer,false,2023-11-03,2025-07-20,1,215.48,unengaged_12m,false,checkout
MT-20144,riley.reyes20144@example.com,Riley,Reyes,America/Denver,wholesale,false,2024-08-06,2024-05-01,31,11551.77,engaged_365,false,checkout
MT-20145,morgan.kowalski20145@example.com,Morgan,Kowalski,America/New_York,consumer,false,2025-12-02,2024-03-08,1,322.14,engaged_90,false,checkout
MT-20146,felix.torres20146@example.com,Felix,Torres,America/New_York,consumer,false,2024-06-16,2024-04-12,1,347.5,engaged_90,false,checkout
MT-20147,ingrid.reyes20147@example.com,Ingrid,Reyes,America/Phoenix,consumer,false,2024-08-05,2026-01-23,2,612.99,engaged_90,false,checkout
MT-20148,sam.kowalski20148@example.com,Sam,Kowalski,America/New_York,consumer,true,2025-11-03,2025-12-16,1,212.91,engaged_365,false,checkout
MT-20149,ingrid.mbeki20149@example.com,Ingrid,Mbeki,America/Denver,consumer,false,2022-07-18,2024-09-01,1,248.81,unengaged_12m,false,checkout
MT-20150,leah.lindqvist20150@example.com,Leah,Lindqvist,America/New_York,consumer,false,2022-10-10,2026-07-25,1,312.22,unengaged_12m,false,checkout
MT-20151,felix.haas20151@example.com,Felix,Haas,America/Los_Angeles,consumer,false,2026-05-03,2025-05-23,1,109.86,engaged_365,false,checkout
MT-20152,omar.costa20152@example.com,Omar,Costa,America/Chicago,consumer,true,2024-03-07,2025-12-22,2,352.92,engaged_90,false,checkout
MT-20153,morgan.petrov20153@example.com,Morgan,Petrov,America/Los_Angeles,consumer,false,2023-10-20,2026-01-02,1,343.72,engaged_365,false,checkout
MT-20154,alex.bennett20154@example.com,Alex,Bennett,America/Phoenix,consumer,false,2024-11-26,2024-08-01,1,350.42,engaged_365,false,checkout
MT-20155,jordan.reyes20155@example.com,Jordan,Reyes,America/Los_Angeles,consumer,false,2025-12-23,2025-10-11,2,694.96,unengaged_12m,false,checkout
MT-20156,harper.kowalski20156@example.com,Harper,Kowalski,America/Los_Angeles,wholesale,false,2022-12-25,2026-05-18,12,4263.41,engaged_90,false,checkout
MT-20157,omar.ferris20157@example.com,Omar,Ferris,America/New_York,consumer,false,2023-12-28,2025-04-13,1,203.45,engaged_30,false,checkout
MT-20158,marcus.lindqvist20158@example.com,Marcus,Lindqvist,America/Denver,consumer,false,2023-04-10,2025-08-31,1,328.49,engaged_30,false,checkout
MT-20159,yuki.okada20159@example.com,Yuki,Okada,America/Los_Angeles,consumer,false,2025-08-08,2024-11-30,1,97.34,engaged_365,false,checkout
MT-20160,quinn.nowak20160@example.com,Quinn,Nowak,America/New_York,consumer,false,2022-08-03,2026-08-06,2,587.21,engaged_90,false,checkout
MT-20161,jordan.duval20161@example.com,Jordan,Duval,America/Los_Angeles,consumer,false,2023-03-30,2026-03-10,3,1116.67,unengaged_12m,false,checkout
MT-20162,omar.reyes20162@example.com,Omar,Reyes,America/Chicago,consumer,false,2025-02-19,2025-09-25,1,181.28,unengaged_12m,false,checkout
MT-20163,devon.haas20163@example.com,Devon,Haas,America/Chicago,wholesale,false,2023-11-15,2025-01-31,24,8583.43,unengaged_12m,false,checkout
MT-20164,quinn.nowak20164@example.com,Quinn,Nowak,America/Chicago,consumer,false,2023-02-23,2026-01-13,3,584.48,engaged_30,false,checkout
MT-20165,rowan.reyes20165@example.com,Rowan,Reyes,America/Chicago,consumer,true,2025-08-12,2025-12-16,2,545.07,engaged_90,false,checkout
MT-20166,leah.ito20166@example.com,Leah,Ito,America/New_York,consumer,false,2026-04-06,2026-01-10,1,268.81,unengaged_12m,false,checkout
MT-20167,dana.torres20167@example.com,Dana,Torres,America/New_York,consumer,false,2023-12-11,2024-06-13,1,283.01,engaged_365,false,checkout
MT-20168,jordan.okada20168@example.com,Jordan,Okada,America/New_York,consumer,false,2023-11-18,2025-03-27,1,381.94,unengaged_12m,true,checkout
MT-20169,yuki.nowak20169@example.com,Yuki,Nowak,America/Los_Angeles,consumer,false,2024-08-30,2025-01-06,1,317.17,engaged_30,false,checkout
MT-20170,ingrid.nowak20170@example.com,Ingrid,Nowak,America/New_York,consumer,false,2025-06-26,2026-06-29,1,296.92,unengaged_12m,true,checkout
MT-20171,felix.ramirez20171@example.com,Felix,Ramirez,America/Los_Angeles,consumer,false,2022-10-28,2024-06-19,2,824.44,engaged_30,false,checkout
MT-20172,alex.torres20172@example.com,Alex,Torres,America/Los_Angeles,consumer,false,2024-08-19,2025-07-23,1,286.87,engaged_30,false,checkout
MT-20173,riley.sy20173@example.com,Riley,Sy,America/New_York,consumer,false,2026-05-19,2025-04-15,1,247.28,engaged_30,true,checkout
MT-20174,quinn.ito20174@example.com,Quinn,Ito,America/Los_Angeles,consumer,false,2025-11-27,2025-07-09,3,1021.88,engaged_365,false,checkout
MT-20175,elena.okada20175@example.com,Elena,Okada,America/Los_Angeles,consumer,false,2025-08-25,2025-09-02,1,352.04,engaged_30,false,checkout
MT-20176,felix.achebe20176@example.com,Felix,Achebe,America/Chicago,consumer,false,2023-04-01,2024-03-31,1,285.37,unengaged_12m,false,checkout
MT-20177,casey.okada20177@example.com,Casey,Okada,America/Chicago,consumer,false,2023-07-28,2026-06-10,1,303.15,unengaged_12m,false,checkout
MT-20178,felix.petrov20178@example.com,Felix,Petrov,America/Los_Angeles,consumer,false,2024-12-25,2025-12-06,2,737.32,engaged_30,false,checkout
MT-20179,riley.kowalski20179@example.com,Riley,Kowalski,America/Los_Angeles,consumer,false,2022-11-11,2026-07-22,1,269.42,engaged_365,false,checkout
MT-20180,leah.ramirez20180@example.com,Leah,Ramirez,America/Los_Angeles,consumer,false,2024-02-27,2025-12-27,1,270.32,engaged_30,false,checkout
MT-20181,ingrid.macleod20181@example.com,Ingrid,MacLeod,America/Los_Angeles,consumer,false,2025-12-16,2024-11-22,1,302.73,unengaged_12m,false,checkout
MT-20182,morgan.ferris20182@example.com,Morgan,Ferris,America/Denver,consumer,false,2022-07-27,2024-07-18,1,280.95,unengaged_12m,false,checkout
MT-20183,ingrid.reyes20183@example.com,Ingrid,Reyes,America/New_York,consumer,true,2023-09-08,2025-12-16,2,591.23,engaged_30,false,checkout
MT-20184,quinn.lindqvist20184@example.com,Quinn,Lindqvist,America/Chicago,consumer,false,2026-06-04,2025-08-08,1,254.08,engaged_365,false,checkout
MT-20185,casey.reyes20185@example.com,Casey,Reyes,America/Los_Angeles,consumer,false,2024-08-25,2024-06-01,3,555.09,engaged_90,false,checkout
MT-20186,jordan.duval20186@example.com,Jordan,Duval,America/Los_Angeles,consumer,true,2023-06-09,2025-12-03,1,186.97,engaged_90,false,checkout
MT-20187,casey.duval20187@example.com,Casey,Duval,America/New_York,consumer,false,2025-11-28,2024-08-22,1,276.78,engaged_90,false,checkout
MT-20188,dana.sy20188@example.com,Dana,Sy,America/Chicago,consumer,true,2026-03-13,2025-12-16,1,371.75,engaged_365,false,checkout
MT-20189,casey.bennett20189@example.com,Casey,Bennett,America/New_York,consumer,false,2025-03-05,2024-03-09,1,192.07,unengaged_12m,false,checkout
MT-20190,nina.lindqvist20190@example.com,Nina,Lindqvist,America/Los_Angeles,wholesale,false,2023-01-26,2025-02-15,32,8896.54,unengaged_12m,true,checkout
MT-20191,marcus.okada20191@example.com,Marcus,Okada,America/New_York,consumer,false,2023-04-15,2024-05-06,1,338.77,engaged_90,false,checkout
MT-20192,felix.kowalski20192@example.com,Felix,Kowalski,America/New_York,consumer,true,2022-09-24,2025-12-04,1,187.13,engaged_365,true,checkout
MT-20193,theo.torres20193@example.com,Theo,Torres,America/Chicago,wholesale,false,2024-02-03,2025-06-27,16,5990.3,unengaged_12m,false,checkout
MT-20194,jordan.kowalski20194@example.com,Jordan,Kowalski,America/Los_Angeles,consumer,true,2026-04-01,2025-12-04,3,613.98,engaged_365,false,checkout
MT-20195,jordan.duval20195@example.com,Jordan,Duval,America/New_York,consumer,false,2026-02-10,2024-12-07,1,206.19,unengaged_12m,false,checkout
MT-20196,sam.sy20196@example.com,Sam,Sy,America/Chicago,consumer,false,2024-03-03,2024-12-24,1,119.0,engaged_90,true,checkout
MT-20197,felix.duval20197@example.com,Felix,Duval,America/Los_Angeles,consumer,false,2022-10-21,2025-07-08,1,272.85,unengaged_12m,false,checkout
MT-20198,felix.duval20198@example.com,Felix,Duval,America/Denver,consumer,false,2023-07-30,2025-01-25,1,287.75,engaged_365,true,checkout
MT-20199,marcus.lindqvist20199@example.com,Marcus,Lindqvist,America/Los_Angeles,consumer,false,2023-09-11,2025-11-04,1,341.56,unengaged_12m,false,checkout
MT-20200,alex.lindqvist20200@example.com,Alex,Lindqvist,America/Chicago,consumer,false,2023-12-26,2025-08-10,1,232.12,engaged_30,false,checkout
MT-20201,morgan.grant20201@example.com,Morgan,Grant,America/New_York,consumer,false,2022-12-29,2024-11-20,1,204.26,unengaged_12m,false,checkout
MT-20202,omar.haas20202@example.com,Omar,Haas,America/Los_Angeles,consumer,false,2026-06-05,2025-06-13,3,1193.4,engaged_365,false,checkout
MT-20203,dana.achebe20203@example.com,Dana,Achebe,America/New_York,consumer,false,2023-01-17,2026-04-16,3,1203.21,engaged_365,false,checkout
MT-20204,marcus.duval20204@example.com,Marcus,Duval,America/New_York,consumer,false,2023-08-25,2025-07-14,1,279.44,engaged_30,false,checkout
MT-20205,morgan.grant20205@example.com,Morgan,Grant,America/Chicago,consumer,false,2024-08-06,2025-09-10,1,277.52,engaged_365,false,checkout
MT-20206,elena.torres20206@example.com,Elena,Torres,America/Phoenix,consumer,false,2023-08-30,2025-10-04,4,1383.23,unengaged_12m,false,checkout
MT-20207,theo.lang20207@example.com,Theo,Lang,America/Los_Angeles,consumer,true,2023-11-06,2025-12-22,1,294.86,engaged_90,false,checkout
MT-20208,sam.lang20208@example.com,Sam,Lang,America/New_York,consumer,false,2025-08-02,2026-01-27,1,175.65,engaged_365,false,checkout
MT-20209,yuki.costa20209@example.com,Yuki,Costa,America/New_York,consumer,false,2025-06-29,2025-08-01,2,274.74,unengaged_12m,false,checkout
MT-20210,ingrid.lindqvist20210@example.com,Ingrid,Lindqvist,America/New_York,consumer,false,2024-02-03,2024-10-30,1,389.42,engaged_90,false,checkout
MT-20211,ingrid.torres20211@example.com,Ingrid,Torres,America/New_York,consumer,false,2025-11-07,2025-08-11,1,65.08,engaged_365,false,checkout
MT-20212,theo.ramirez20212@example.com,Theo,Ramirez,America/Los_Angeles,consumer,true,2025-11-24,2025-12-01,1,353.15,engaged_30,false,checkout
MT-20213,felix.costa20213@example.com,Felix,Costa,America/New_York,consumer,false,2025-08-23,2024-12-27,1,286.68,engaged_365,false,checkout
MT-20214,ingrid.lang20214@example.com,Ingrid,Lang,America/New_York,consumer,false,2023-01-05,2025-05-24,1,137.57,engaged_30,true,checkout
MT-20215,dana.okada20215@example.com,Dana,Okada,America/New_York,consumer,false,2026-04-07,2025-11-07,1,264.02,unengaged_12m,false,checkout
MT-20216,sam.reyes20216@example.com,Sam,Reyes,America/New_York,consumer,true,2026-03-16,2025-12-08,1,300.03,engaged_90,true,checkout
MT-20217,dana.lindqvist20217@example.com,Dana,Lindqvist,America/New_York,consumer,false,2024-09-30,2025-06-05,2,727.83,unengaged_12m,false,checkout
MT-20218,sam.macleod20218@example.com,Sam,MacLeod,America/Los_Angeles,consumer,false,2023-09-25,2026-07-16,1,215.95,engaged_90,false,checkout
MT-20219,marcus.nowak20219@example.com,Marcus,Nowak,America/New_York,consumer,true,2023-04-20,2025-12-18,1,326.72,unengaged_12m,false,checkout
MT-20220,sam.bennett20220@example.com,Sam,Bennett,America/Chicago,consumer,false,2024-07-08,2025-12-08,1,216.81,engaged_90,true,checkout
MT-20221,morgan.macleod20221@example.com,Morgan,MacLeod,America/Los_Angeles,consumer,false,2025-09-25,2025-01-16,1,343.34,unengaged_12m,false,checkout
MT-20222,riley.reyes20222@example.com,Riley,Reyes,America/New_York,consumer,false,2023-10-13,2025-03-09,1,337.79,unengaged_12m,false,checkout
MT-20223,harper.ferris20223@example.com,Harper,Ferris,America/Los_Angeles,consumer,false,2025-01-25,2025-06-20,1,270.88,engaged_30,false,checkout
MT-20224,casey.lang20224@example.com,Casey,Lang,America/New_York,consumer,false,2023-04-08,2026-03-12,1,286.79,engaged_90,true,checkout
MT-20225,riley.macleod20225@example.com,Riley,MacLeod,America/New_York,consumer,false,2023-04-20,2025-08-02,1,265.77,unengaged_12m,false,checkout
MT-20226,rowan.ito20226@example.com,Rowan,Ito,America/New_York,consumer,false,2023-11-05,2024-06-05,1,268.58,engaged_365,false,checkout
MT-20227,harper.lindqvist20227@example.com,Harper,Lindqvist,America/New_York,consumer,true,2024-06-24,2025-12-15,1,364.63,engaged_90,false,checkout
MT-20228,marcus.bennett20228@example.com,Marcus,Bennett,America/New_York,consumer,true,2026-03-23,2025-12-06,3,817.09,engaged_365,false,checkout
MT-20229,morgan.nowak20229@example.com,Morgan,Nowak,America/Los_Angeles,consumer,false,2025-06-11,2025-01-06,1,159.3,engaged_365,false,checkout
MT-20230,harper.grant20230@example.com,Harper,Grant,America/Los_Angeles,consumer,false,2022-10-10,2025-10-18,4,1554.72,unengaged_12m,false,checkout
MT-20231,jordan.macleod20231@example.com,Jordan,MacLeod,America/Los_Angeles,consumer,false,2024-07-06,2024-07-01,1,372.85,engaged_90,false,checkout
MT-20232,yuki.macleod20232@example.com,Yuki,MacLeod,America/New_York,consumer,false,2022-07-28,2025-03-10,4,484.26,unengaged_12m,false,checkout
MT-20233,leah.lang20233@example.com,Leah,Lang,America/New_York,consumer,false,2023-07-31,2024-03-24,1,369.86,engaged_30,false,checkout
MT-20234,jordan.mbeki20234@example.com,Jordan,Mbeki,America/New_York,consumer,false,2025-01-18,2026-06-08,5,1099.51,engaged_90,false,checkout
MT-20235,rowan.achebe20235@example.com,Rowan,Achebe,America/New_York,consumer,false,2025-02-11,2024-08-15,1,208.76,engaged_365,false,checkout
MT-20236,marcus.duval20236@example.com,Marcus,Duval,America/New_York,consumer,false,2025-10-15,2025-01-23,1,291.53,unengaged_12m,false,checkout
MT-20237,morgan.ferris20237@example.com,Morgan,Ferris,America/Phoenix,consumer,false,2025-04-17,2026-04-12,1,397.53,engaged_30,false,checkout
MT-20238,jordan.kowalski20238@example.com,Jordan,Kowalski,America/Los_Angeles,consumer,false,2025-07-18,2025-09-09,1,210.71,engaged_365,false,checkout
MT-20239,felix.ito20239@example.com,Felix,Ito,America/New_York,consumer,false,2023-09-23,2026-05-14,5,2382.1,engaged_90,false,checkout
MT-20240,harper.bennett20240@example.com,Harper,Bennett,America/Denver,consumer,false,2024-06-08,2026-05-06,1,299.89,engaged_365,false,checkout
MT-20241,harper.macleod20241@example.com,Harper,MacLeod,America/New_York,consumer,false,2024-03-26,2024-03-31,1,216.09,engaged_90,false,checkout
MT-20242,ingrid.lindqvist20242@example.com,Ingrid,Lindqvist,America/New_York,consumer,false,2022-10-27,2024-04-14,1,226.97,engaged_90,false,checkout
MT-20243,marcus.haas20243@example.com,Marcus,Haas,America/New_York,consumer,false,2022-12-05,2024-04-20,1,232.67,engaged_90,true,checkout
MT-20244,devon.petrov20244@example.com,Devon,Petrov,America/Chicago,consumer,false,2025-08-27,2024-09-02,8,1562.15,engaged_30,false,checkout
MT-20245,nina.ito20245@example.com,Nina,Ito,America/Phoenix,consumer,false,2025-03-23,2024-07-28,1,217.52,engaged_30,false,checkout
MT-20246,ingrid.grant20246@example.com,Ingrid,Grant,America/New_York,consumer,true,2026-02-05,2025-12-06,1,243.94,unengaged_12m,false,checkout
MT-20247,rowan.ramirez20247@example.com,Rowan,Ramirez,America/Chicago,consumer,true,2025-05-09,2025-12-11,1,121.78,engaged_365,false,checkout
MT-20248,felix.achebe20248@example.com,Felix,Achebe,America/Phoenix,consumer,false,2022-08-28,2025-09-02,1,295.55,engaged_90,false,checkout
MT-20249,marcus.petrov20249@example.com,Marcus,Petrov,America/Denver,consumer,true,2023-06-23,2025-12-07,3,776.72,engaged_90,false,checkout
MT-20250,sam.achebe20250@example.com,Sam,Achebe,America/Denver,consumer,false,2023-04-14,2025-05-13,1,199.96,engaged_30,false,checkout
MT-20251,devon.mbeki20251@example.com,Devon,Mbeki,America/Los_Angeles,consumer,false,2022-10-22,2026-05-02,2,668.61,unengaged_12m,false,checkout
MT-20252,quinn.mbeki20252@example.com,Quinn,Mbeki,America/Chicago,consumer,false,2023-04-10,2026-05-17,1,269.15,unengaged_12m,false,checkout
MT-20253,morgan.lang20253@example.com,Morgan,Lang,America/Chicago,consumer,false,2025-10-22,2024-11-04,2,220.92,unengaged_12m,false,checkout
MT-20254,nina.mbeki20254@example.com,Nina,Mbeki,America/New_York,consumer,false,2022-12-24,2026-06-10,1,291.78,engaged_30,true,checkout
MT-20255,yuki.torres20255@example.com,Yuki,Torres,America/Chicago,consumer,false,2025-12-16,2024-11-09,1,242.14,engaged_30,false,checkout
MT-20256,marcus.lindqvist20256@example.com,Marcus,Lindqvist,America/New_York,consumer,false,2025-01-06,2026-04-04,2,567.86,engaged_365,false,checkout
MT-20257,marcus.petrov20257@example.com,Marcus,Petrov,America/New_York,consumer,false,2023-05-16,2025-09-06,1,272.8,engaged_30,false,checkout
MT-20258,quinn.haas20258@example.com,Quinn,Haas,America/New_York,consumer,true,2026-05-02,2025-12-09,1,370.92,engaged_30,false,checkout
MT-20259,rowan.nowak20259@example.com,Rowan,Nowak,America/Los_Angeles,consumer,false,2022-08-01,2024-06-19,1,278.91,unengaged_12m,true,checkout
MT-20260,elena.achebe20260@example.com,Elena,Achebe,America/Chicago,consumer,false,2022-12-21,2024-04-22,1,301.4,engaged_365,false,checkout
MT-20261,riley.sy20261@example.com,Riley,Sy,America/New_York,consumer,false,2026-01-09,2025-08-03,1,258.1,engaged_30,false,checkout
MT-20262,dana.ferris20262@example.com,Dana,Ferris,America/New_York,consumer,false,2024-04-10,2025-08-10,1,182.2,engaged_90,false,checkout
MT-20263,quinn.ramirez20263@example.com,Quinn,Ramirez,America/New_York,consumer,false,2022-11-29,2026-03-11,1,306.11,engaged_30,false,checkout
MT-20264,sam.lang20264@example.com,Sam,Lang,America/Phoenix,consumer,false,2022-07-14,2026-07-04,1,247.23,unengaged_12m,false,checkout
MT-20265,devon.grant20265@example.com,Devon,Grant,America/Denver,consumer,false,2024-11-14,2024-05-17,1,262.85,unengaged_12m,false,checkout
MT-20266,sam.duval20266@example.com,Sam,Duval,America/Los_Angeles,consumer,false,2023-05-13,2024-08-05,1,321.24,engaged_30,false,checkout
MT-20267,elena.petrov20267@example.com,Elena,Petrov,America/Chicago,consumer,true,2024-06-28,2025-12-01,2,474.35,unengaged_12m,false,checkout
MT-20268,nina.sy20268@example.com,Nina,Sy,America/New_York,consumer,false,2024-09-20,2025-11-22,3,740.66,engaged_365,false,checkout
MT-20269,elena.ito20269@example.com,Elena,Ito,America/Los_Angeles,consumer,false,2025-06-12,2025-09-30,1,261.88,unengaged_12m,false,checkout
MT-20270,theo.ito20270@example.com,Theo,Ito,America/Los_Angeles,consumer,false,2025-07-11,2024-11-04,1,365.54,unengaged_12m,false,checkout
MT-20271,nina.sy20271@example.com,Nina,Sy,America/New_York,consumer,false,2022-10-25,2026-04-28,2,449.42,unengaged_12m,false,checkout
MT-20272,yuki.kowalski20272@example.com,Yuki,Kowalski,America/New_York,consumer,false,2025-05-24,2025-11-03,3,784.48,unengaged_12m,false,checkout
MT-20273,alex.torres20273@example.com,Alex,Torres,America/New_York,consumer,false,2023-09-22,2025-06-18,1,321.45,unengaged_12m,false,checkout
MT-20274,theo.kowalski20274@example.com,Theo,Kowalski,America/New_York,consumer,true,2023-11-08,2025-12-11,2,731.13,engaged_365,false,checkout
MT-20275,jordan.grant20275@example.com,Jordan,Grant,America/Denver,consumer,false,2025-12-04,2026-07-19,1,278.82,engaged_30,false,checkout
MT-20276,sam.reyes20276@example.com,Sam,Reyes,America/Los_Angeles,consumer,false,2022-10-06,2024-11-29,1,198.53,engaged_90,false,checkout
MT-20277,omar.kowalski20277@example.com,Omar,Kowalski,America/Los_Angeles,consumer,false,2023-11-28,2025-01-12,2,462.54,engaged_365,false,checkout
MT-20278,morgan.haas20278@example.com,Morgan,Haas,America/New_York,consumer,false,2022-12-04,2025-12-17,1,296.48,unengaged_12m,false,checkout
MT-20279,yuki.achebe20279@example.com,Yuki,Achebe,America/New_York,consumer,false,2025-06-06,2025-11-15,1,209.96,engaged_90,false,checkout
MT-20280,riley.lindqvist20280@example.com,Riley,Lindqvist,America/Chicago,consumer,false,2025-04-03,2024-10-25,1,136.98,unengaged_12m,false,checkout
MT-20281,devon.okada20281@example.com,Devon,Okada,America/Los_Angeles,wholesale,false,2026-05-13,2026-06-01,33,11169.44,unengaged_12m,false,checkout
MT-20282,marcus.kowalski20282@example.com,Marcus,Kowalski,America/New_York,consumer,false,2025-03-12,2026-07-07,3,605.84,engaged_90,false,checkout
MT-20283,quinn.reyes20283@example.com,Quinn,Reyes,America/New_York,consumer,false,2024-10-10,2025-03-15,1,367.46,engaged_365,false,checkout
MT-20284,harper.achebe20284@example.com,Harper,Achebe,America/Los_Angeles,consumer,false,2025-07-18,2025-09-14,1,117.27,engaged_365,false,checkout
MT-20285,dana.kowalski20285@example.com,Dana,Kowalski,America/Los_Angeles,consumer,false,2024-06-05,2026-06-21,3,900.81,unengaged_12m,false,checkout
MT-20286,morgan.duval20286@example.com,Morgan,Duval,America/Los_Angeles,consumer,false,2024-10-02,2026-03-06,1,321.53,engaged_90,false,checkout
MT-20287,leah.nowak20287@example.com,Leah,Nowak,America/New_York,consumer,false,2024-03-23,2025-08-29,3,788.04,engaged_30,false,checkout
MT-20288,alex.kowalski20288@example.com,Alex,Kowalski,America/New_York,consumer,true,2026-03-07,2025-12-04,1,243.86,engaged_30,false,checkout
MT-20289,morgan.lang20289@example.com,Morgan,Lang,America/Chicago,consumer,false,2025-08-15,2024-10-28,1,162.54,engaged_365,false,checkout
MT-20290,marcus.petrov20290@example.com,Marcus,Petrov,America/Los_Angeles,consumer,true,2025-03-12,2025-12-06,5,2071.1,engaged_30,false,checkout
MT-20291,jordan.torres20291@example.com,Jordan,Torres,America/Chicago,consumer,true,2024-06-01,2025-12-02,1,114.41,engaged_365,false,checkout
MT-20292,felix.okada20292@example.com,Felix,Okada,America/Los_Angeles,consumer,false,2024-08-31,2025-02-01,3,806.25,unengaged_12m,false,checkout
MT-20293,nina.grant20293@example.com,Nina,Grant,America/Los_Angeles,consumer,false,2025-02-09,2024-11-23,1,205.88,unengaged_12m,false,checkout
MT-20294,nina.macleod20294@example.com,Nina,MacLeod,America/Los_Angeles,consumer,false,2026-03-04,2025-06-18,1,269.82,engaged_90,false,checkout
MT-20295,felix.okada20295@example.com,Felix,Okada,America/Chicago,consumer,false,2022-10-27,2024-03-17,1,270.59,engaged_90,false,checkout
MT-20296,nina.macleod20296@example.com,Nina,MacLeod,America/Los_Angeles,consumer,false,2023-07-02,2025-11-08,3,801.36,unengaged_12m,false,checkout
MT-20297,felix.macleod20297@example.com,Felix,MacLeod,America/Los_Angeles,consumer,false,2023-10-18,2024-03-12,1,307.99,engaged_365,false,checkout
MT-20298,quinn.achebe20298@example.com,Quinn,Achebe,America/New_York,consumer,false,2024-05-25,2025-12-06,1,298.63,engaged_30,false,checkout
MT-20299,riley.kowalski20299@example.com,Riley,Kowalski,America/New_York,consumer,false,2024-01-19,2026-04-04,2,663.5,unengaged_12m,false,checkout
MT-20300,marcus.reyes20300@example.com,Marcus,Reyes,America/Denver,consumer,false,2024-10-27,2025-05-08,1,251.39,engaged_365,false,checkout
MT-20301,riley.lang20301@example.com,Riley,Lang,America/New_York,consumer,false,2023-07-13,2024-09-30,1,230.35,engaged_90,false,checkout
MT-20302,nina.haas20302@example.com,Nina,Haas,America/New_York,consumer,false,2023-05-25,2025-10-30,1,331.89,engaged_90,false,checkout
MT-20303,leah.ito20303@example.com,Leah,Ito,America/Chicago,consumer,false,2025-09-24,2025-05-31,1,302.8,engaged_90,false,checkout
MT-20304,jordan.sy20304@example.com,Jordan,Sy,America/New_York,consumer,false,2023-01-16,2024-04-29,2,736.85,engaged_90,false,checkout
MT-20305,morgan.ferris20305@example.com,Morgan,Ferris,America/New_York,consumer,false,2024-05-12,2026-06-04,1,268.97,engaged_90,true,checkout
MT-20306,leah.nowak20306@example.com,Leah,Nowak,America/New_York,consumer,false,2025-11-05,2024-12-08,4,787.01,unengaged_12m,false,checkout
MT-20307,theo.grant20307@example.com,Theo,Grant,America/Phoenix,consumer,true,2024-03-21,2025-12-01,1,174.15,unengaged_12m,false,checkout
MT-20308,nina.mbeki20308@example.com,Nina,Mbeki,America/New_York,consumer,false,2025-10-15,2026-05-07,1,301.53,engaged_30,false,checkout
MT-20309,casey.petrov20309@example.com,Casey,Petrov,America/New_York,consumer,false,2026-02-21,2024-04-16,1,148.87,unengaged_12m,false,checkout
MT-20310,jordan.mbeki20310@example.com,Jordan,Mbeki,America/Los_Angeles,consumer,false,2022-12-08,2026-03-11,1,432.39,engaged_30,false,checkout
MT-20311,riley.mbeki20311@example.com,Riley,Mbeki,America/New_York,consumer,false,2025-01-07,2024-09-27,1,283.24,engaged_365,false,checkout
MT-20312,theo.kowalski20312@example.com,Theo,Kowalski,America/New_York,consumer,true,2024-09-27,2025-12-07,1,193.28,engaged_365,false,checkout
MT-20313,leah.petrov20313@example.com,Leah,Petrov,America/Los_Angeles,consumer,false,2024-07-14,2026-01-14,3,971.81,unengaged_12m,false,checkout
MT-20314,elena.ramirez20314@example.com,Elena,Ramirez,America/Chicago,consumer,false,2023-12-27,2025-10-13,1,256.48,engaged_30,false,checkout
MT-20315,yuki.sy20315@example.com,Yuki,Sy,America/New_York,consumer,false,2025-04-23,2026-06-09,1,342.25,unengaged_12m,false,checkout
MT-20316,morgan.ito20316@example.com,Morgan,Ito,America/Los_Angeles,consumer,false,2025-07-12,2025-03-15,1,261.52,unengaged_12m,false,checkout
MT-20317,devon.mbeki20317@example.com,Devon,Mbeki,America/Los_Angeles,consumer,true,2025-04-16,2025-12-04,3,469.01,engaged_30,false,checkout
MT-20318,jordan.grant20318@example.com,Jordan,Grant,America/New_York,consumer,true,2026-02-17,2025-12-06,1,206.34,unengaged_12m,false,checkout
MT-20319,quinn.costa20319@example.com,Quinn,Costa,America/Los_Angeles,consumer,false,2024-09-18,2025-11-16,1,314.78,unengaged_12m,false,checkout
MT-20320,quinn.nowak20320@example.com,Quinn,Nowak,America/Phoenix,consumer,false,2022-07-23,2026-05-04,1,255.23,engaged_30,false,checkout
MT-20321,elena.nowak20321@example.com,Elena,Nowak,America/New_York,consumer,false,2025-04-08,2024-10-05,1,397.82,engaged_365,false,checkout
MT-20322,marcus.ramirez20322@example.com,Marcus,Ramirez,America/Los_Angeles,consumer,false,2024-10-01,2024-12-03,3,1085.53,unengaged_12m,false,checkout
MT-20323,omar.haas20323@example.com,Omar,Haas,America/Los_Angeles,consumer,true,2023-03-16,2025-12-20,3,1007.45,engaged_30,true,checkout
MT-20324,devon.achebe20324@example.com,Devon,Achebe,America/Denver,consumer,true,2024-05-29,2025-12-10,1,227.68,unengaged_12m,false,checkout
MT-20325,leah.bennett20325@example.com,Leah,Bennett,America/Los_Angeles,consumer,true,2024-03-30,2025-12-02,1,303.77,engaged_365,false,checkout
MT-20326,morgan.grant20326@example.com,Morgan,Grant,America/Chicago,consumer,false,2025-07-01,2024-09-28,1,260.16,engaged_90,false,checkout
MT-20327,omar.duval20327@example.com,Omar,Duval,America/New_York,consumer,false,2025-10-17,2026-03-04,3,732.26,engaged_365,false,checkout
MT-20328,leah.macleod20328@example.com,Leah,MacLeod,America/New_York,consumer,false,2024-03-09,2025-01-16,1,249.41,engaged_30,false,checkout
MT-20329,felix.lang20329@example.com,Felix,Lang,America/New_York,consumer,false,2026-02-24,2025-03-25,1,324.41,unengaged_12m,false,checkout
MT-20330,quinn.ito20330@example.com,Quinn,Ito,America/Los_Angeles,consumer,false,2023-07-18,2026-04-17,1,363.47,unengaged_12m,true,checkout
MT-20331,dana.torres20331@example.com,Dana,Torres,America/New_York,consumer,false,2026-02-06,2024-04-18,2,600.88,engaged_365,false,checkout
MT-20332,jordan.torres20332@example.com,Jordan,Torres,America/Denver,consumer,false,2023-11-11,2024-12-09,2,410.42,engaged_30,false,checkout
MT-20333,theo.grant20333@example.com,Theo,Grant,America/New_York,consumer,false,2023-08-01,2024-09-11,1,407.18,unengaged_12m,false,checkout
MT-20334,devon.torres20334@example.com,Devon,Torres,America/Los_Angeles,consumer,false,2023-10-05,2026-06-30,1,290.52,unengaged_12m,false,checkout
MT-20335,yuki.ito20335@example.com,Yuki,Ito,America/New_York,consumer,false,2024-02-22,2026-05-05,2,574.93,unengaged_12m,false,checkout
MT-20336,omar.petrov20336@example.com,Omar,Petrov,America/New_York,consumer,false,2022-08-21,2024-12-11,4,1577.11,engaged_90,false,checkout
MT-20337,ingrid.duval20337@example.com,Ingrid,Duval,America/Los_Angeles,consumer,true,2022-11-26,2025-12-09,1,210.52,unengaged_12m,false,checkout
MT-20338,quinn.torres20338@example.com,Quinn,Torres,America/Chicago,consumer,false,2026-03-03,2025-07-02,3,357.45,engaged_90,false,checkout
MT-20339,elena.nowak20339@example.com,Elena,Nowak,America/New_York,consumer,false,2024-07-18,2024-09-27,1,200.49,unengaged_12m,false,checkout
MT-20340,alex.duval20340@example.com,Alex,Duval,America/Chicago,wholesale,false,2024-02-23,2024-11-26,15,5141.5,engaged_30,false,checkout
MT-20341,sam.reyes20341@example.com,Sam,Reyes,America/New_York,consumer,false,2024-07-26,2026-05-09,1,222.05,engaged_30,false,checkout
MT-20342,theo.mbeki20342@example.com,Theo,Mbeki,America/Los_Angeles,consumer,false,2025-06-01,2025-07-04,1,428.82,unengaged_12m,false,checkout
MT-20343,quinn.reyes20343@example.com,Quinn,Reyes,America/Los_Angeles,consumer,false,2024-03-28,2025-09-26,3,970.19,unengaged_12m,false,checkout
MT-20344,yuki.torres20344@example.com,Yuki,Torres,America/Los_Angeles,consumer,false,2025-11-13,2025-11-29,1,441.54,unengaged_12m,false,checkout
MT-20345,marcus.bennett20345@example.com,Marcus,Bennett,America/Phoenix,consumer,true,2022-09-18,2025-12-09,2,587.84,unengaged_12m,true,checkout
MT-20346,yuki.okada20346@example.com,Yuki,Okada,America/Chicago,consumer,false,2024-05-05,2025-02-19,1,225.09,engaged_30,false,checkout
MT-20347,omar.reyes20347@example.com,Omar,Reyes,America/Los_Angeles,wholesale,false,2022-08-14,2026-04-08,40,10481.2,engaged_365,false,checkout
MT-20348,morgan.ferris20348@example.com,Morgan,Ferris,America/Los_Angeles,consumer,false,2024-12-05,2026-03-13,1,413.95,unengaged_12m,false,checkout
MT-20349,nina.lindqvist20349@example.com,Nina,Lindqvist,America/Los_Angeles,consumer,false,2025-02-03,2025-10-13,1,435.01,engaged_30,false,checkout
MT-20350,theo.ito20350@example.com,Theo,Ito,America/Los_Angeles,consumer,false,2022-07-30,2025-10-27,1,407.44,unengaged_12m,false,checkout
MT-20351,jordan.mbeki20351@example.com,Jordan,Mbeki,America/New_York,consumer,false,2026-02-07,2026-02-22,1,256.03,engaged_365,false,checkout
MT-20352,jordan.costa20352@example.com,Jordan,Costa,America/New_York,consumer,false,2024-09-18,2025-04-08,5,1675.24,engaged_90,false,checkout
MT-20353,casey.haas20353@example.com,Casey,Haas,America/New_York,consumer,true,2023-10-20,2025-12-20,2,545.72,engaged_365,false,checkout
MT-20354,riley.okada20354@example.com,Riley,Okada,America/New_York,consumer,true,2024-02-21,2025-12-13,1,202.9,engaged_90,false,checkout
MT-20355,ingrid.duval20355@example.com,Ingrid,Duval,America/Los_Angeles,consumer,false,2026-05-20,2026-06-26,1,153.16,unengaged_12m,false,checkout
MT-20356,yuki.reyes20356@example.com,Yuki,Reyes,America/New_York,consumer,false,2022-08-25,2024-04-11,1,157.25,unengaged_12m,false,checkout
MT-20357,rowan.lindqvist20357@example.com,Rowan,Lindqvist,America/Denver,consumer,false,2022-07-27,2026-04-09,1,244.78,engaged_90,false,checkout
MT-20358,elena.nowak20358@example.com,Elena,Nowak,America/New_York,consumer,false,2023-06-20,2024-07-15,1,348.69,unengaged_12m,false,checkout
MT-20359,morgan.torres20359@example.com,Morgan,Torres,America/New_York,consumer,false,2023-08-20,2026-08-04,1,434.06,unengaged_12m,false,checkout
MT-20360,nina.torres20360@example.com,Nina,Torres,America/Chicago,consumer,false,2025-08-08,2025-12-23,2,643.13,unengaged_12m,false,checkout
MT-20361,rowan.kowalski20361@example.com,Rowan,Kowalski,America/Los_Angeles,consumer,false,2024-11-02,2026-03-26,1,136.7,unengaged_12m,false,checkout
MT-20362,harper.ito20362@example.com,Harper,Ito,America/Los_Angeles,consumer,false,2024-09-18,2026-05-03,1,149.99,engaged_365,false,checkout
MT-20363,sam.reyes20363@example.com,Sam,Reyes,America/New_York,consumer,true,2024-08-17,2025-12-21,1,176.59,unengaged_12m,false,checkout
MT-20364,ingrid.kowalski20364@example.com,Ingrid,Kowalski,America/Phoenix,consumer,false,2023-10-30,2026-04-16,1,382.36,engaged_90,false,checkout
MT-20365,elena.lang20365@example.com,Elena,Lang,America/Chicago,consumer,false,2025-04-12,2025-10-23,2,610.03,unengaged_12m,false,checkout
MT-20366,alex.macleod20366@example.com,Alex,MacLeod,America/Los_Angeles,wholesale,false,2022-12-01,2025-10-31,28,8557.18,engaged_365,false,checkout
MT-20367,ingrid.costa20367@example.com,Ingrid,Costa,America/New_York,consumer,false,2026-02-21,2024-05-06,3,1085.96,engaged_365,false,checkout
MT-20368,harper.ito20368@example.com,Harper,Ito,America/Denver,consumer,false,2022-12-26,2025-04-29,1,446.79,engaged_365,false,checkout
MT-20369,riley.duval20369@example.com,Riley,Duval,America/Los_Angeles,consumer,false,2026-05-11,2025-05-15,3,759.83,unengaged_12m,false,checkout
MT-20370,harper.torres20370@example.com,Harper,Torres,America/Chicago,consumer,true,2023-01-05,2025-12-12,5,1410.63,engaged_30,true,checkout
MT-20371,felix.haas20371@example.com,Felix,Haas,America/Chicago,consumer,false,2024-09-05,2025-08-09,1,90.29,engaged_30,false,checkout
MT-20372,marcus.grant20372@example.com,Marcus,Grant,America/Los_Angeles,consumer,false,2025-08-02,2025-07-31,1,315.44,engaged_365,false,checkout
MT-20373,elena.okada20373@example.com,Elena,Okada,America/Chicago,consumer,false,2025-11-03,2025-02-13,1,307.75,engaged_365,false,checkout
MT-20374,harper.ramirez20374@example.com,Harper,Ramirez,America/Los_Angeles,consumer,false,2024-04-18,2026-02-24,1,323.42,unengaged_12m,false,checkout
MT-20375,alex.bennett20375@example.com,Alex,Bennett,America/New_York,consumer,false,2026-05-26,2024-04-27,1,196.17,unengaged_12m,false,checkout
MT-20376,jordan.torres20376@example.com,Jordan,Torres,America/Los_Angeles,consumer,false,2023-11-11,2025-03-29,1,235.19,unengaged_12m,true,checkout
MT-20377,devon.reyes20377@example.com,Devon,Reyes,America/New_York,consumer,false,2025-09-28,2026-01-15,1,385.29,engaged_365,false,checkout
MT-20378,leah.ito20378@example.com,Leah,Ito,America/Chicago,consumer,false,2025-02-07,2024-08-03,2,683.29,unengaged_12m,false,checkout
MT-20379,morgan.bennett20379@example.com,Morgan,Bennett,America/Los_Angeles,consumer,false,2025-02-10,2024-05-10,1,386.48,engaged_90,false,checkout
MT-20380,quinn.kowalski20380@example.com,Quinn,Kowalski,America/New_York,consumer,false,2024-03-12,2025-12-04,1,374.68,unengaged_12m,false,checkout
MT-20381,jordan.mbeki20381@example.com,Jordan,Mbeki,America/Denver,consumer,true,2025-08-03,2025-12-04,1,285.53,unengaged_12m,false,checkout
MT-20382,casey.lindqvist20382@example.com,Casey,Lindqvist,America/New_York,consumer,true,2024-04-23,2025-12-01,1,242.56,engaged_365,false,checkout
MT-20383,ingrid.mbeki20383@example.com,Ingrid,Mbeki,America/Denver,consumer,true,2026-01-06,2025-12-18,2,741.17,engaged_365,false,checkout
MT-20384,alex.mbeki20384@example.com,Alex,Mbeki,America/Los_Angeles,wholesale,false,2025-04-12,2026-04-04,38,8886.18,unengaged_12m,false,checkout
MT-20385,casey.ferris20385@example.com,Casey,Ferris,America/Phoenix,consumer,false,2025-12-03,2026-05-10,1,278.29,unengaged_12m,false,checkout
MT-20386,casey.ito20386@example.com,Casey,Ito,America/New_York,consumer,false,2024-07-28,2024-06-11,2,700.84,engaged_30,true,checkout
MT-20387,yuki.torres20387@example.com,Yuki,Torres,America/Chicago,consumer,false,2023-01-09,2024-12-27,1,372.5,unengaged_12m,false,checkout
MT-20388,sam.ramirez20388@example.com,Sam,Ramirez,America/Los_Angeles,consumer,false,2024-01-13,2024-05-09,1,219.42,engaged_30,false,checkout
MT-20389,leah.haas20389@example.com,Leah,Haas,America/Los_Angeles,consumer,false,2024-06-30,2026-07-09,1,143.65,engaged_30,false,checkout
MT-20390,omar.ferris20390@example.com,Omar,Ferris,America/Los_Angeles,consumer,true,2024-02-20,2025-12-08,2,551.63,engaged_365,false,checkout
MT-20391,elena.ramirez20391@example.com,Elena,Ramirez,America/Los_Angeles,consumer,false,2026-01-02,2025-02-09,3,1034.84,engaged_30,false,checkout
MT-20392,theo.okada20392@example.com,Theo,Okada,America/New_York,consumer,false,2022-10-21,2024-09-27,5,1685.8,unengaged_12m,false,checkout
MT-20393,ingrid.ito20393@example.com,Ingrid,Ito,America/Denver,consumer,false,2026-05-17,2024-08-06,2,736.96,unengaged_12m,false,checkout
MT-20394,riley.ferris20394@example.com,Riley,Ferris,America/Chicago,consumer,false,2025-01-21,2025-08-23,1,281.66,engaged_30,false,checkout
MT-20395,devon.haas20395@example.com,Devon,Haas,America/Denver,consumer,true,2025-08-27,2025-12-03,2,302.46,unengaged_12m,false,checkout
MT-20396,sam.ito20396@example.com,Sam,Ito,America/Chicago,consumer,false,2022-10-25,2025-03-03,1,165.12,engaged_90,false,checkout
MT-20397,riley.bennett20397@example.com,Riley,Bennett,America/New_York,consumer,false,2025-06-24,2025-05-09,1,239.88,unengaged_12m,false,checkout
MT-20398,leah.okada20398@example.com,Leah,Okada,America/New_York,consumer,false,2025-04-12,2024-05-07,1,293.17,engaged_90,false,checkout
MT-20399,devon.ito20399@example.com,Devon,Ito,America/Los_Angeles,consumer,false,2023-02-27,2025-09-22,1,247.91,engaged_30,false,checkout
MT-20400,casey.kowalski20400@example.com,Casey,Kowalski,America/New_York,consumer,false,2026-05-14,2025-11-06,1,289.9,engaged_30,false,checkout
MT-20401,marcus.mbeki20401@example.com,Marcus,Mbeki,America/Los_Angeles,consumer,false,2025-01-14,2025-07-24,2,627.74,engaged_365,false,checkout
MT-20402,quinn.lindqvist20402@example.com,Quinn,Lindqvist,America/New_York,consumer,false,2025-03-22,2024-06-18,2,587.1,engaged_90,false,checkout
MT-20403,omar.haas20403@example.com,Omar,Haas,America/Los_Angeles,consumer,false,2024-05-18,2025-12-10,1,336.83,engaged_365,false,checkout
MT-20404,casey.sy20404@example.com,Casey,Sy,America/Chicago,consumer,false,2025-02-26,2025-05-28,1,104.61,engaged_30,true,checkout
MT-20405,marcus.sy20405@example.com,Marcus,Sy,America/Chicago,consumer,false,2026-01-18,2025-03-04,1,302.09,unengaged_12m,false,checkout
MT-20406,nina.bennett20406@example.com,Nina,Bennett,America/New_York,consumer,true,2024-09-04,2025-12-16,1,190.25,engaged_90,false,checkout
MT-20407,leah.achebe20407@example.com,Leah,Achebe,America/New_York,consumer,false,2025-04-19,2025-10-24,1,272.1,engaged_90,false,checkout
MT-20408,omar.petrov20408@example.com,Omar,Petrov,America/New_York,consumer,false,2022-11-03,2025-04-13,1,350.13,engaged_30,false,checkout
MT-20409,omar.ferris20409@example.com,Omar,Ferris,America/New_York,consumer,true,2024-08-23,2025-12-12,1,125.07,engaged_365,false,checkout
MT-20410,quinn.ramirez20410@example.com,Quinn,Ramirez,America/Chicago,consumer,false,2023-12-27,2026-03-17,1,289.46,engaged_90,false,checkout
MT-20411,devon.ito20411@example.com,Devon,Ito,America/New_York,consumer,true,2023-09-26,2025-12-12,1,306.17,engaged_365,false,checkout
MT-20412,omar.torres20412@example.com,Omar,Torres,America/Denver,consumer,false,2023-11-21,2025-11-03,2,757.82,unengaged_12m,false,checkout
MT-20413,theo.lindqvist20413@example.com,Theo,Lindqvist,America/New_York,consumer,false,2024-05-09,2024-06-10,1,586.26,unengaged_12m,true,checkout
MT-20414,yuki.haas20414@example.com,Yuki,Haas,America/Denver,consumer,false,2023-04-19,2026-04-06,1,237.92,engaged_90,false,checkout
MT-20415,ingrid.achebe20415@example.com,Ingrid,Achebe,America/Chicago,consumer,false,2025-02-19,2025-06-01,1,325.7,engaged_365,false,checkout
MT-20416,theo.haas20416@example.com,Theo,Haas,America/Los_Angeles,consumer,true,2024-02-29,2025-12-04,2,692.03,unengaged_12m,false,checkout
MT-20417,sam.duval20417@example.com,Sam,Duval,America/Los_Angeles,consumer,false,2026-01-14,2025-02-11,1,268.07,engaged_90,false,checkout
MT-20418,ingrid.costa20418@example.com,Ingrid,Costa,America/New_York,consumer,false,2023-07-11,2025-01-13,1,161.85,engaged_30,false,checkout
MT-20419,dana.nowak20419@example.com,Dana,Nowak,America/New_York,consumer,false,2025-02-14,2025-06-12,1,210.81,engaged_365,false,checkout
MT-20420,sam.kowalski20420@example.com,Sam,Kowalski,America/Denver,consumer,false,2023-10-14,2025-08-24,1,288.41,unengaged_12m,false,checkout
MT-20421,riley.sy20421@example.com,Riley,Sy,America/Los_Angeles,consumer,false,2024-01-14,2026-05-08,1,274.42,engaged_30,false,checkout
MT-20422,morgan.macleod20422@example.com,Morgan,MacLeod,America/New_York,consumer,false,2025-03-15,2024-10-21,1,208.82,engaged_90,true,checkout
MT-20423,morgan.nowak20423@example.com,Morgan,Nowak,America/Denver,consumer,false,2023-11-26,2025-09-01,1,287.71,engaged_90,false,checkout
MT-20424,theo.okada20424@example.com,Theo,Okada,America/New_York,consumer,false,2024-05-17,2026-04-10,1,263.74,unengaged_12m,false,checkout
MT-20425,devon.macleod20425@example.com,Devon,MacLeod,America/Los_Angeles,consumer,false,2024-10-05,2024-10-12,1,242.64,unengaged_12m,false,checkout
MT-20426,dana.kowalski20426@example.com,Dana,Kowalski,America/New_York,wholesale,false,2026-04-15,2026-05-28,29,7722.66,unengaged_12m,true,checkout
MT-20427,quinn.ramirez20427@example.com,Quinn,Ramirez,America/New_York,consumer,true,2025-02-14,2025-12-03,3,1016.23,unengaged_12m,false,checkout
MT-20428,morgan.petrov20428@example.com,Morgan,Petrov,America/New_York,consumer,true,2024-12-31,2025-12-03,1,205.7,engaged_90,false,checkout
MT-20429,sam.ferris20429@example.com,Sam,Ferris,America/New_York,consumer,false,2024-08-09,2025-08-23,1,330.31,engaged_30,false,checkout
MT-20430,felix.kowalski20430@example.com,Felix,Kowalski,America/Los_Angeles,consumer,true,2024-09-14,2025-12-16,1,280.9,engaged_30,false,checkout
MT-20431,devon.sy20431@example.com,Devon,Sy,America/Los_Angeles,consumer,false,2025-12-04,2024-04-15,1,299.06,engaged_365,false,checkout
MT-20432,devon.costa20432@example.com,Devon,Costa,America/New_York,consumer,false,2023-07-11,2025-02-08,1,285.5,engaged_30,false,checkout
MT-20433,alex.macleod20433@example.com,Alex,MacLeod,America/Chicago,consumer,false,2023-11-26,2024-11-16,1,190.63,engaged_30,false,checkout
MT-20434,harper.achebe20434@example.com,Harper,Achebe,America/New_York,consumer,false,2022-07-07,2024-05-16,2,688.12,engaged_90,false,checkout
MT-20435,rowan.kowalski20435@example.com,Rowan,Kowalski,America/Los_Angeles,consumer,false,2024-08-17,2025-02-27,1,172.59,engaged_30,false,checkout
MT-20436,quinn.sy20436@example.com,Quinn,Sy,America/New_York,consumer,false,2022-08-09,2024-08-04,2,506.19,engaged_90,true,checkout
MT-20437,sam.ferris20437@example.com,Sam,Ferris,America/New_York,consumer,false,2022-09-13,2025-02-28,1,126.61,engaged_90,false,checkout
MT-20438,theo.reyes20438@example.com,Theo,Reyes,America/Chicago,consumer,false,2023-11-23,2026-05-10,1,274.76,engaged_90,true,checkout
MT-20439,felix.achebe20439@example.com,Felix,Achebe,America/New_York,consumer,false,2022-10-06,2026-05-29,1,308.79,unengaged_12m,false,checkout
MT-20440,ingrid.ito20440@example.com,Ingrid,Ito,America/New_York,consumer,false,2022-09-10,2026-03-22,1,283.21,unengaged_12m,false,checkout
MT-20441,felix.ferris20441@example.com,Felix,Ferris,America/Los_Angeles,consumer,false,2024-01-23,2024-08-13,1,264.71,engaged_30,false,checkout
MT-20442,felix.bennett20442@example.com,Felix,Bennett,America/New_York,consumer,false,2025-03-07,2026-01-30,4,1081.07,engaged_90,false,checkout
MT-20443,devon.achebe20443@example.com,Devon,Achebe,America/Los_Angeles,consumer,false,2023-07-29,2025-08-26,1,207.27,engaged_30,false,checkout
MT-20444,morgan.ferris20444@example.com,Morgan,Ferris,America/New_York,consumer,false,2024-02-08,2026-06-11,2,513.88,unengaged_12m,false,checkout
MT-20445,alex.haas20445@example.com,Alex,Haas,America/Denver,consumer,false,2024-08-13,2025-12-17,4,1313.01,unengaged_12m,false,checkout
MT-20446,marcus.duval20446@example.com,Marcus,Duval,America/New_York,consumer,false,2022-08-29,2025-06-13,1,329.19,unengaged_12m,false,checkout
MT-20447,quinn.kowalski20447@example.com,Quinn,Kowalski,America/Phoenix,consumer,false,2024-09-23,2025-11-21,2,643.35,engaged_90,false,checkout
MT-20448,rowan.achebe20448@example.com,Rowan,Achebe,America/New_York,consumer,false,2025-06-25,2024-03-22,1,445.16,unengaged_12m,false,checkout
MT-20449,felix.kowalski20449@example.com,Felix,Kowalski,America/Los_Angeles,consumer,false,2024-07-19,2025-04-13,5,1712.46,unengaged_12m,false,checkout
MT-20450,devon.okada20450@example.com,Devon,Okada,America/New_York,consumer,false,2026-04-22,2025-12-18,1,415.79,engaged_365,false,checkout
MT-20451,jordan.torres20451@example.com,Jordan,Torres,America/Los_Angeles,consumer,false,2023-10-11,2025-07-16,1,172.03,engaged_365,false,checkout
MT-20452,omar.okada20452@example.com,Omar,Okada,America/Los_Angeles,consumer,false,2025-11-09,2024-12-01,1,358.33,unengaged_12m,false,checkout
MT-20453,omar.sy20453@example.com,Omar,Sy,America/New_York,consumer,false,2025-04-14,2026-01-06,1,210.69,engaged_90,false,checkout
MT-20454,casey.costa20454@example.com,Casey,Costa,America/New_York,consumer,false,2025-12-06,2026-01-31,1,267.8,unengaged_12m,false,checkout
MT-20455,marcus.bennett20455@example.com,Marcus,Bennett,America/New_York,consumer,false,2025-03-22,2025-07-28,2,404.06,unengaged_12m,false,checkout
MT-20456,nina.ito20456@example.com,Nina,Ito,America/Los_Angeles,consumer,false,2025-05-27,2025-03-22,1,223.13,engaged_365,false,checkout
MT-20457,morgan.ferris20457@example.com,Morgan,Ferris,America/Los_Angeles,consumer,true,2025-07-12,2025-12-21,1,399.18,engaged_365,false,checkout
MT-20458,dana.reyes20458@example.com,Dana,Reyes,America/New_York,consumer,false,2025-03-30,2025-03-02,1,412.11,engaged_30,false,checkout
MT-20459,morgan.sy20459@example.com,Morgan,Sy,America/Los_Angeles,consumer,false,2024-12-30,2024-11-27,1,194.3,engaged_365,false,checkout
MT-20460,leah.kowalski20460@example.com,Leah,Kowalski,America/New_York,wholesale,false,2025-02-13,2025-02-02,22,7254.39,engaged_365,false,checkout
MT-20461,yuki.lindqvist20461@example.com,Yuki,Lindqvist,America/Los_Angeles,consumer,false,2025-11-01,2024-07-01,1,257.52,engaged_365,false,checkout
MT-20462,theo.lang20462@example.com,Theo,Lang,America/New_York,consumer,false,2023-04-25,2024-09-13,1,311.03,engaged_90,false,checkout
MT-20463,devon.mbeki20463@example.com,Devon,Mbeki,America/New_York,consumer,false,2025-05-02,2025-12-17,1,300.69,engaged_90,false,checkout
MT-20464,rowan.duval20464@example.com,Rowan,Duval,America/New_York,consumer,false,2023-08-15,2025-10-08,1,309.38,engaged_365,false,checkout
MT-20465,dana.petrov20465@example.com,Dana,Petrov,America/Chicago,consumer,false,2023-10-21,2024-12-09,1,350.29,engaged_365,false,checkout
MT-20466,marcus.nowak20466@example.com,Marcus,Nowak,America/Los_Angeles,consumer,false,2022-07-30,2024-03-30,1,218.57,engaged_30,false,checkout
MT-20467,dana.mbeki20467@example.com,Dana,Mbeki,America/New_York,consumer,false,2024-06-18,2025-03-04,1,318.76,unengaged_12m,false,checkout
MT-20468,theo.ferris20468@example.com,Theo,Ferris,America/New_York,consumer,false,2025-08-20,2024-11-04,1,266.68,unengaged_12m,false,checkout
MT-20469,dana.costa20469@example.com,Dana,Costa,America/Los_Angeles,consumer,false,2023-05-15,2025-01-19,4,361.97,engaged_30,false,checkout
MT-20470,alex.ferris20470@example.com,Alex,Ferris,America/New_York,consumer,false,2024-06-27,2025-01-22,1,173.89,unengaged_12m,false,checkout
MT-20471,omar.bennett20471@example.com,Omar,Bennett,America/New_York,consumer,false,2024-12-27,2026-07-21,1,413.54,engaged_90,false,checkout
MT-20472,felix.ramirez20472@example.com,Felix,Ramirez,America/New_York,consumer,false,2026-04-30,2026-05-22,2,700.91,engaged_30,false,checkout
MT-20473,morgan.duval20473@example.com,Morgan,Duval,America/New_York,consumer,false,2025-11-06,2026-03-13,1,388.46,unengaged_12m,true,checkout
MT-20474,morgan.grant20474@example.com,Morgan,Grant,America/Los_Angeles,consumer,false,2022-12-02,2024-02-26,1,274.68,engaged_30,false,checkout
MT-20475,rowan.kowalski20475@example.com,Rowan,Kowalski,America/New_York,consumer,false,2024-08-11,2024-08-12,1,201.84,engaged_30,false,checkout
MT-20476,casey.lindqvist20476@example.com,Casey,Lindqvist,America/New_York,consumer,false,2024-01-06,2025-09-08,4,1192.1,engaged_90,false,checkout
MT-20477,alex.lindqvist20477@example.com,Alex,Lindqvist,America/New_York,consumer,false,2022-12-09,2024-07-14,2,646.93,engaged_365,false,checkout
MT-20478,jordan.sy20478@example.com,Jordan,Sy,America/Chicago,consumer,false,2022-11-24,2025-08-27,1,268.99,engaged_365,false,checkout
MT-20479,jordan.mbeki20479@example.com,Jordan,Mbeki,America/Chicago,consumer,false,2025-07-28,2024-08-30,1,291.46,engaged_365,false,checkout
MT-20480,ingrid.ramirez20480@example.com,Ingrid,Ramirez,America/Los_Angeles,consumer,false,2022-09-25,2025-06-15,1,314.25,engaged_365,false,checkout
MT-20481,yuki.lindqvist20481@example.com,Yuki,Lindqvist,America/New_York,consumer,false,2025-04-07,2024-05-18,1,357.62,engaged_365,true,checkout
MT-20482,dana.okada20482@example.com,Dana,Okada,America/New_York,consumer,false,2023-05-22,2025-03-25,1,248.96,unengaged_12m,false,checkout
MT-20483,omar.kowalski20483@example.com,Omar,Kowalski,America/New_York,consumer,false,2024-10-19,2024-12-15,1,254.85,unengaged_12m,true,checkout
MT-20484,dana.achebe20484@example.com,Dana,Achebe,America/New_York,consumer,false,2025-01-04,2026-05-16,1,344.64,engaged_365,false,checkout
MT-20485,omar.duval20485@example.com,Omar,Duval,America/New_York,consumer,false,2024-05-16,2026-01-09,1,222.5,unengaged_12m,false,checkout
MT-20486,theo.costa20486@example.com,Theo,Costa,America/Los_Angeles,consumer,false,2022-08-14,2024-08-23,1,241.46,engaged_30,false,checkout
MT-20487,morgan.duval20487@example.com,Morgan,Duval,America/New_York,consumer,false,2025-09-18,2025-08-12,1,230.25,engaged_90,false,checkout
MT-20488,ingrid.kowalski20488@example.com,Ingrid,Kowalski,America/Chicago,wholesale,false,2026-04-04,2025-12-30,14,5044.62,engaged_365,false,checkout
MT-20489,rowan.okada20489@example.com,Rowan,Okada,America/Los_Angeles,consumer,false,2022-10-31,2024-04-25,4,595.9,engaged_365,false,checkout
MT-20490,harper.okada20490@example.com,Harper,Okada,America/New_York,consumer,false,2024-12-29,2026-06-06,1,320.62,unengaged_12m,false,checkout
MT-20491,sam.nowak20491@example.com,Sam,Nowak,America/Chicago,consumer,false,2025-11-24,2025-06-07,1,240.57,unengaged_12m,false,checkout
MT-20492,nina.macleod20492@example.com,Nina,MacLeod,America/Denver,consumer,true,2023-07-13,2025-12-11,1,305.63,engaged_90,false,checkout
MT-20493,morgan.petrov20493@example.com,Morgan,Petrov,America/Chicago,consumer,false,2025-11-23,2025-01-17,1,343.38,unengaged_12m,false,checkout
MT-20494,elena.bennett20494@example.com,Elena,Bennett,America/New_York,consumer,false,2024-08-06,2025-07-09,5,1761.03,engaged_30,false,checkout
MT-20495,elena.torres20495@example.com,Elena,Torres,America/Chicago,consumer,false,2024-05-18,2025-01-08,1,366.59,unengaged_12m,false,checkout
MT-20496,omar.torres20496@example.com,Omar,Torres,America/Chicago,consumer,false,2024-10-07,2025-10-11,1,215.33,engaged_90,false,checkout
MT-20497,sam.grant20497@example.com,Sam,Grant,America/New_York,consumer,true,2023-08-09,2025-12-08,1,368.84,unengaged_12m,false,checkout
MT-20498,casey.torres20498@example.com,Casey,Torres,America/Los_Angeles,consumer,false,2024-11-16,2025-09-21,1,365.36,unengaged_12m,false,checkout
MT-20499,marcus.costa20499@example.com,Marcus,Costa,America/Chicago,consumer,false,2025-06-11,2024-04-07,1,310.69,engaged_30,false,checkout
MT-90299,riley.kowalski20299@example.com,Riley,Kowalski,America/New_York,consumer,false,2024-01-19,2026-04-04,2,663.5,unengaged_12m,false,site_migration_2026_03
MT-90450,devon.okada20450@example.com,Devon,Okada,America/New_York,consumer,false,2026-04-22,2025-12-18,1,415.79,engaged_365,false,site_migration_2026_03
MT-90378,leah.ito20378@example.com,Leah,Ito,America/Chicago,consumer,false,2025-02-07,2024-08-03,2,683.29,unengaged_12m,false,site_migration_2026_03
MT-90263,quinn.ramirez20263@example.com,Quinn,Ramirez,America/New_York,consumer,false,2022-11-29,2026-03-11,1,306.11,engaged_30,false,site_migration_2026_03
MT-90489,rowan.okada20489@example.com,Rowan,Okada,America/Los_Angeles,consumer,false,2022-10-31,2024-04-25,4,595.9,engaged_365,false,site_migration_2026_03
MT-90165,rowan.reyes20165@example.com,Rowan,Reyes,America/Chicago,consumer,true,2025-08-12,2025-12-16,2,545.07,engaged_90,false,site_migration_2026_03
MT-90345,marcus.bennett20345@example.com,Marcus,Bennett,America/Phoenix,consumer,true,2022-09-18,2025-12-09,2,587.84,unengaged_12m,true,site_migration_2026_03
MT-90494,elena.bennett20494@example.com,Elena,Bennett,America/New_York,consumer,false,2024-08-06,2025-07-09,5,1761.03,engaged_30,false,site_migration_2026_03
MT-90196,sam.sy20196@example.com,Sam,Sy,America/Chicago,consumer,false,2024-03-03,2024-12-24,1,119.0,engaged_90,true,site_migration_2026_03
MT-90207,theo.lang20207@example.com,Theo,Lang,America/Los_Angeles,consumer,true,2023-11-06,2025-12-22,1,294.86,engaged_90,false,site_migration_2026_03
MT-90357,rowan.lindqvist20357@example.com,Rowan,Lindqvist,America/Denver,consumer,false,2022-07-27,2026-04-09,1,244.78,engaged_90,false,site_migration_2026_03
MT-90013,devon.petrov20013@example.com,Devon,Petrov,America/Denver,consumer,false,2023-10-06,2024-10-08,2,692.48,engaged_365,false,site_migration_2026_03
MT-90034,morgan.ramirez20034@example.com,Morgan,Ramirez,America/New_York,consumer,false,2024-04-24,2024-02-28,1,302.43,unengaged_12m,false,site_migration_2026_03
MT-90305,morgan.ferris20305@example.com,Morgan,Ferris,America/New_York,consumer,false,2024-05-12,2026-06-04,1,268.97,engaged_90,true,site_migration_2026_03
MT-90425,devon.macleod20425@example.com,Devon,MacLeod,America/Los_Angeles,consumer,false,2024-10-05,2024-10-12,1,242.64,unengaged_12m,false,site_migration_2026_03
MT-90217,dana.lindqvist20217@example.com,Dana,Lindqvist,America/New_York,consumer,false,2024-09-30,2025-06-05,2,727.83,unengaged_12m,false,site_migration_2026_03
MT-90056,elena.kowalski20056@example.com,Elena,Kowalski,America/Chicago,consumer,false,2025-03-28,2026-05-05,1,247.0,engaged_90,false,site_migration_2026_03
MT-90424,theo.okada20424@example.com,Theo,Okada,America/New_York,consumer,false,2024-05-17,2026-04-10,1,263.74,unengaged_12m,false,site_migration_2026_03
MT-90382,casey.lindqvist20382@example.com,Casey,Lindqvist,America/New_York,consumer,true,2024-04-23,2025-12-01,1,242.56,engaged_365,false,site_migration_2026_03
MT-90456,nina.ito20456@example.com,Nina,Ito,America/Los_Angeles,consumer,false,2025-05-27,2025-03-22,1,223.13,engaged_365,false,site_migration_2026_03
MT-90138,sam.reyes20138@example.com,Sam,Reyes,America/New_York,consumer,false,2024-08-18,2024-05-27,1,373.7,engaged_365,false,site_migration_2026_03
MT-90075,riley.grant20075@example.com,Riley,Grant,America/Los_Angeles,consumer,true,2025-12-23,2025-12-16,1,314.72,unengaged_12m,false,site_migration_2026_03
MT-90219,marcus.nowak20219@example.com,Marcus,Nowak,America/New_York,consumer,true,2023-04-20,2025-12-18,1,326.72,unengaged_12m,false,site_migration_2026_03
MT-90186,jordan.duval20186@example.com,Jordan,Duval,America/Los_Angeles,consumer,true,2023-06-09,2025-12-03,1,186.97,engaged_90,false,site_migration_2026_03
MT-90445,alex.haas20445@example.com,Alex,Haas,America/Denver,consumer,false,2024-08-13,2025-12-17,4,1313.01,unengaged_12m,false,site_migration_2026_03
MT-90338,quinn.torres20338@example.com,Quinn,Torres,America/Chicago,consumer,false,2026-03-03,2025-07-02,3,357.45,engaged_90,false,site_migration_2026_03
MT-90011,devon.macleod20011@example.com,Devon,MacLeod,America/Los_Angeles,consumer,false,2023-07-19,2025-03-21,1,383.46,engaged_30,true,site_migration_2026_03
MT-90488,ingrid.kowalski20488@example.com,Ingrid,Kowalski,America/Chicago,wholesale,false,2026-04-04,2025-12-30,14,5044.62,engaged_365,false,site_migration_2026_03
MT-90027,harper.achebe20027@example.com,Harper,Achebe,America/Los_Angeles,consumer,false,2024-12-31,2025-06-18,1,376.19,unengaged_12m,false,site_migration_2026_03
MT-90218,sam.macleod20218@example.com,Sam,MacLeod,America/Los_Angeles,consumer,false,2023-09-25,2026-07-16,1,215.95,engaged_90,false,site_migration_2026_03
MT-90319,quinn.costa20319@example.com,Quinn,Costa,America/Los_Angeles,consumer,false,2024-09-18,2025-11-16,1,314.78,unengaged_12m,false,site_migration_2026_03
MT-90272,yuki.kowalski20272@example.com,Yuki,Kowalski,America/New_York,consumer,false,2025-05-24,2025-11-03,3,784.48,unengaged_12m,false,site_migration_2026_03
MT-90334,devon.torres20334@example.com,Devon,Torres,America/Los_Angeles,consumer,false,2023-10-05,2026-06-30,1,290.52,unengaged_12m,false,site_migration_2026_03
MT-90197,felix.duval20197@example.com,Felix,Duval,America/Los_Angeles,consumer,false,2022-10-21,2025-07-08,1,272.85,unengaged_12m,false,site_migration_2026_03
MT-90082,elena.grant20082@example.com,Elena,Grant,America/Los_Angeles,consumer,true,2023-05-18,2025-12-04,1,326.12,unengaged_12m,false,site_migration_2026_03
MT-90190,nina.lindqvist20190@example.com,Nina,Lindqvist,America/Los_Angeles,wholesale,false,2023-01-26,2025-02-15,32,8896.54,unengaged_12m,true,site_migration_2026_03
MT-90371,felix.haas20371@example.com,Felix,Haas,America/Chicago,consumer,false,2024-09-05,2025-08-09,1,90.29,engaged_30,false,site_migration_2026_03
MT-90187,casey.duval20187@example.com,Casey,Duval,America/New_York,consumer,false,2025-11-28,2024-08-22,1,276.78,engaged_90,false,site_migration_2026_03
MT-90282,marcus.kowalski20282@example.com,Marcus,Kowalski,America/New_York,consumer,false,2025-03-12,2026-07-07,3,605.84,engaged_90,false,site_migration_2026_03
MT-90068,alex.ito20068@example.com,Alex,Ito,America/New_York,consumer,false,2025-04-15,2025-07-14,4,1728.82,unengaged_12m,false,site_migration_2026_03
